keyword,search_volume,keyword_difficulty,competition_level,competition,cpc,main_intent,last_month_volume,twelve_month_peak
vedic astrology remedies,1900,,LOW,2,0.83,,1900,4400
graha remedies,10,,,,,,0,10
planet remedies astrology,10,,LOW,6,,,10,30
astrology remedies for career,10,,LOW,1,,,10,20
career astrology,2400,,LOW,22,0.25,,2400,2900
job astrology,1300,,LOW,10,0.1,,1000,1600
marriage astrology remedies,,,,,,,,
relationship astrology remedies,,,,,,,,
money astrology remedies,,,,,,,,
health astrology remedies,10,,LOW,0,,,10,10
education astrology remedies,,,,,,,,
foreign travel astrology,140,,LOW,2,0.06,,110,170
property astrology remedies,,,,,,,,
legal problems astrology,,,,,,,,
spiritual astrology,320,,LOW,4,0.09,,210,720
negative energy remedies,10,,MEDIUM,37,0.56,,20,20
evil eye remedies,210,,LOW,8,0.01,,210,390
vastu remedies,1900,,MEDIUM,35,0.14,,4400,4400
planet mantras,70,,LOW,0,,,90,110
navagraha remedies,30,,LOW,0,,,50,50
career prediction by date of birth,2400,,LOW,29,0.17,,2400,2400
free spiritual astrology reading,0,,,,,,0,0
career horoscope,1600,,LOW,9,0.14,,2900,3600
free online astrology consultation for career,10,,MEDIUM,43,,,10,10
career horoscope by date of birth,590,,MEDIUM,37,0.13,,590,720
career prediction by date of birth indian astrology free,1300,,LOW,30,0.13,,1300,1600
career prediction,720,,LOW,18,0.19,,720,720
evil eye removal,480,,LOW,15,0.36,,390,480
job prediction by date of birth,590,,LOW,31,0.13,,590,720
career prediction by date of birth indian astrology,70,,MEDIUM,34,0.09,,50,110
career astrology by date of birth,390,,MEDIUM,41,0.17,,480,590
indian astrologer and psychic,10,,LOW,0,,,10,50
foreign travel astrology calculator,210,,LOW,11,0.12,,260,260
free career horoscope by date of birth and time,50,,LOW,12,0.05,,70,90
career prediction by date of birth free,1300,,LOW,31,0.13,,1600,1900
career astrology reading,50,,LOW,31,0.12,,70,70
true career predictions,10,,,,,,0,10
kundali reading for career,30,,LOW,24,0.09,,20,40
free astrology predictions for career,480,,LOW,30,0.13,,480,590
career horoscope 2023,10,,,,,,0,10
psychic spiritual healer and indian astrologer,0,,,,,,0,0
career astrology free,480,,LOW,27,0.13,,260,590
job prediction by date of birth free,1300,,LOW,31,0.13,,1600,1900
spiritual healer and astrologer,10,,LOW,0,,,10,20
career based on birth chart,10,,LOW,4,,,20,30
astrology career prediction,880,,LOW,26,0.18,,1300,1300
my future career prediction,90,,LOW,19,0.11,,70,210
free career prediction,260,,LOW,27,0.12,,260,320
true career predictions free,390,,LOW,20,0.06,,10,590
my career horoscope,70,,MEDIUM,39,0.11,,70,90
job horoscope by date of birth,590,,MEDIUM,37,0.13,,590,720
mangal yantra,4400,,HIGH,96,0.02,,5400,6600
career horoscope by date of birth free,260,,MEDIUM,36,0.12,,320,480
career kundali,590,,MEDIUM,40,0.1,,480,720
rahu remedies for marriage,20,,LOW,7,,,20,30
kundali for career,590,,MEDIUM,40,0.1,,480,720
shukra yantra,6600,,HIGH,95,0.03,,4400,18100
career prediction by birth chart,40,,LOW,0,,,20,110
kundli for career,590,,MEDIUM,40,0.1,,480,720
evil eye removal remedies,40,,LOW,4,,,50,50
astrology job prediction,880,,LOW,26,0.18,,1300,1300
spiritual horoscope,10,,LOW,5,0.01,,10,40
shukra mantra for love attraction,260,,LOW,1,,,50,480
foreign settlement astrology,720,,LOW,3,1.26,,590,720
astrology and spirituality,90,,LOW,1,0.12,,70,480
free career horoscope,70,,MEDIUM,35,0.11,,50,110
accurate career prediction,20,,LOW,30,0.16,,20,30
best astrologer for career guidance,50,,MEDIUM,62,0.62,,40,90
career birth chart free,10,,LOW,0,,,10,10
career horoscope 2023 by date of birth,10,,,,,,0,10
career according to astrology,70,,LOW,26,0.23,,70,110
rahu remedies,4400,,LOW,1,0.06,,5400,5400
astrologer and spiritual healer,70,,LOW,0,,,10,260
astrology and spirituality for beginners,10,,LOW,0,,,10,10
job astrology by date of birth,140,,LOW,18,0.07,,40,210
professional birth chart,10,,LOW,0,,,10,10
accurate future prediction by date of birth,20,,LOW,4,,,20,50
my career prediction,110,,MEDIUM,34,0.15,,140,140
free career prediction by date of birth indian astrology,50,,LOW,30,0.19,,50,70
rahu mahadasha remedies,1600,,LOW,5,0.01,,1300,1900
rahu mantra,33100,,LOW,0,0.85,,27100,40500
birth chart career,70,,LOW,0,,,320,320
home remedy to remove evil eye,70,,LOW,8,,,20,260
my career astrology,50,,MEDIUM,49,0.27,,50,70
gemini horoscope 2023 career predictions,10,,,,,,0,10
kundli career prediction,170,,MEDIUM,43,0.14,,110,210
birth chart career prediction,20,,LOW,7,0.19,,20,30
astrology for going abroad by date of birth,10,,MEDIUM,48,0.01,,10,10
budh yantra,2900,,HIGH,96,0.06,,2400,4400
ketu yantra,1900,,HIGH,79,0.03,,1600,3600
career astrology by date of birth free,260,,MEDIUM,36,0.12,,320,480
kundali for career free,170,,LOW,32,0.07,,170,260
kundali career,590,,MEDIUM,40,0.1,,480,720
mahavastu remedies,2900,,HIGH,83,0.2,,3600,3600
career kundali free,90,,MEDIUM,40,0.1,,70,110
free career prediction by birth chart,10,,LOW,0,,,10,30
best astrologer for career,140,,LOW,33,0.64,,110,210
free janam kundali analysis for career,110,,MEDIUM,37,0.06,,50,140
job horoscope,1600,,LOW,9,0.14,,2900,3600
career consultation astrology,70,,LOW,20,0.45,,70,210
capricorn career tomorrow,170,,LOW,0,,,90,390
2021 career horoscope by date of birth,0,,,,,,0,0
2022 aquarius career horoscope,0,,,,,,0,0
2022 aquarius horoscope career,0,,,,,,0,0
2022 aries career horoscope,0,,,,,,0,0
2022 capricorn career,0,,,,,,0,0
2022 capricorn career horoscope,0,,,,,,0,0
2022 career horoscope,0,,,,,,0,0
2022 career horoscope by date of birth,0,,,,,,0,0
2022 for aquarius students,0,,,,,,0,0
2022 for capricorn students,0,,,,,,0,0
2022 for gemini students,10,,,,,,0,10
2022 for sagittarius students,0,,,,,,0,0
2022 for sagittarius woman career,0,,,,,,0,0
2022 gemini career horoscope,0,,,,,,0,0
2022 horoscope aquarius career,0,,,,,,0,0
2022 horoscope aries career,0,,,,,,0,0
2022 horoscope career,0,,,,,,0,0
2022 leo horoscope career,0,,,,,,0,0
2022 libra career horoscope,0,,,,,,0,0
2022 libra horoscope career,0,,,,,,0,0
2022 sagittarius career,0,,,,,,0,0
2022 sagittarius career horoscope,10,,,,,,0,10
2022 sagittarius horoscope career,0,,,,,,0,0
2022 taurus career horoscope,0,,,,,,0,0
2022 taurus horoscope career,0,,,,,,0,0
2022 virgo career,0,,,,,,0,0
2022 virgo career horoscope,0,,,,,,0,0
2023 aquarius career horoscope,0,,,,,,0,0
2023 aries career,0,,,,,,0,0
2023 aries career horoscope,0,,,,,,0,0
2023 cancer horoscope career,0,,,,,,0,0
2023 capricorn career,0,,,,,,0,0
2023 capricorn career horoscope,0,,,,,,0,0
2023 capricorn horoscope career,0,,,,,,0,0
2023 career horoscope,0,,,,,,0,0
2023 career horoscope by date of birth,10,,,,,,0,10
2023 career horoscope cancer,0,,,,,,0,0
2023 for capricorn students,0,,,,,,0,0
2023 for libra students,0,,,,,,0,0
2023 for pisces career,0,,,,,,0,0
2023 for pisces woman career,10,,,,,,0,10
2023 for sagittarius students,0,,,,,,0,0
2023 gemini career,0,,,,,,0,0
2023 gemini career horoscope,0,,,,,,0,0
2023 horoscope career,0,,,,,,0,0
2023 horoscope scorpio career,0,,,,,,0,0
2023 horoscope students,0,,,,,,0,0
2023 libra career,0,,,,,,0,0
2023 libra career horoscope,0,,,,,,0,0
2023 libra horoscope career,0,,,,,,0,0
2023 pisces career,0,,,,,,0,0
2023 pisces horoscope career,0,,,,,,0,0
2023 sagittarius career horoscope,0,,,,,,0,0
2023 scorpio career,0,,,,,,0,0
2023 scorpio career horoscope,0,,,,,,0,0
2023 scorpio horoscope career,0,,,,,,0,0
2023 taurus career horoscope,0,,,,,,0,0
2023 taurus horoscope career,0,,,,,,0,0
2023 virgo career,0,,,,,,0,0
2023 virgo career horoscope,0,,,,,,0,0
2023 virgo horoscope career,0,,,,,,0,0
23000 shani jaap,20,,LOW,6,,,10,30
45 devtas remedy,140,,LOW,4,,,50,210
4th house rahu remedies,20,,LOW,3,,,20,30
5th house ketu remedies,20,,LOW,0,,,20,30
5th house rahu remedies,90,,LOW,1,,,70,110
7th house ketu remedies,40,,LOW,0,,,40,50
7th house rahu remedies,260,,LOW,1,0.01,,260,320
8th house and foreign settlement,10,,LOW,0,,,10,10
8th house rahu remedies,210,,LOW,1,,,170,260
9 grah ka mantra,20,,LOW,0,,,30,50
9 grah yantra,110,,HIGH,97,0.03,,140,210
9 graha mantra,210,,LOW,0,,,210,320
9 navagraha mantra,260,,LOW,0,,,260,480
9 navagraha mantra in english,70,,LOW,0,,,50,110
9 navagraha mantra in tamil,320,,LOW,0,,,390,480
9 planet mantra,320,,LOW,0,,,390,390
9 planet prayer mantras,10,,,,,,0,10
9th house rahu remedies,90,,LOW,2,,,90,140
a spiritual approach to astrology,10,,,,,,0,10
abroad astrology,10,,LOW,12,0.14,,10,10
abroad chances in astrology,10,,LOW,1,,,10,10
abroad going astrology,10,,,,,,0,10
abroad horoscope,10,,LOW,0,,,10,10
abroad job prediction by date of birth,10,,LOW,7,,,10,10
abroad settle astrology,30,,LOW,29,0.5,,10,70
abroad settlement horoscope by date of birth and time,0,,,,,,0,0
abroad settlement in astrology,40,,LOW,3,0.02,,50,90
abroad settlement in horoscope,10,,,,,,0,10
abroad settlement in kundli,10,,,,,,0,10
abroad travel astrology,10,,LOW,0,,,10,10
abroad travel horoscope,10,,LOW,0,,,10,10
abroad travel prediction by date of birth free,10,,LOW,0,,,10,10
accurate career horoscope,10,,LOW,30,0.31,,10,10
accurate career prediction by date of birth free,10,,MEDIUM,36,0.09,,10,20
accurate career prediction free,10,,LOW,17,0.03,,10,40
accurate job prediction by date of birth free,10,,MEDIUM,45,0,,10,10
acting career astrology,10,,LOW,0,,,10,20
acting career in astrology,10,,LOW,0,,,10,10
acting career in birth chart,10,,,,,,0,10
acting career prediction by date of birth,20,,LOW,13,,,10,30
african spirituality and astrology,,,,,,,,
age of aquarius spirituality,0,,,,,,0,0
agneya veedhi potu remedies,10,,,,,,0,10
ajay varma astrology,10,,,,,,0,10
amavasya remedies for rahu,10,,LOW,0,,,10,10
angaraka beej mantra,20,,LOW,0,,,30,30
anti clockwise stairs vastu remedy,110,,LOW,12,,,50,140
april 2022 cancer career horoscope,,,,,,,,
april 2022 career horoscope,,,,,,,,
april career horoscope,10,,,,,,0,40
april career horoscope 2022,0,,,,,,0,0
april libra career horoscope,10,,,,,,0,10
april virgo career horoscope,10,,,,,,0,10
aquarius 2021 career predictions,0,,,,,,0,0
aquarius 2022 career,0,,,,,,0,0
aquarius 2022 career horoscope,0,,,,,,0,0
aquarius 2022 career predictions,0,,,,,,0,0
aquarius 2022 horoscope career,0,,,,,,0,0
aquarius 2023 career,0,,,,,,0,0
aquarius 2023 career horoscope,10,,,,,,0,10
aquarius 2023 career predictions,0,,,,,,0,0
aquarius 2023 horoscope career,0,,,,,,0,0
aquarius 2023 yearly horoscope,0,,,,,,0,0
aquarius and career,210,,LOW,0,0.28,,170,260
aquarius and spirituality,10,,,,,,0,10
aquarius april 2022 career horoscope,0,,,,,,0,0
aquarius april career horoscope,10,,,,,,0,10
aquarius april career horoscope 2022,0,,,,,,0,0
aquarius august 2022 career horoscope,0,,,,,,0,0
aquarius august 2022 horoscope career,0,,,,,,0,0
aquarius august career horoscope 2022,0,,,,,,0,0
aquarius best career,50,,LOW,0,,,30,70
aquarius best jobs,50,,LOW,0,,,30,70
aquarius business horoscope,10,,LOW,0,,,10,10
aquarius career,210,,LOW,0,0.28,,170,260
aquarius career 2022,0,,,,,,0,0
aquarius career 2022 horoscope,0,,,,,,0,0
aquarius career 2023,10,,,,,,0,10
aquarius career 2023 horoscope,0,,,,,,0,0
aquarius career april 2022,0,,,,,,0,0
aquarius career august 2022,0,,,,,,0,0
aquarius career daily horoscope,590,,LOW,0,,,590,880
aquarius career december 2022,0,,,,,,0,0
aquarius career february 2022,0,,,,,,0,0
aquarius career horoscope,260,,LOW,1,,,90,1600
aquarius career horoscope 2021,10,,,,,,0,10
aquarius career horoscope 2022,10,,,,,,0,10
aquarius career horoscope 2022 april,0,,,,,,0,0
aquarius career horoscope 2022 ganeshaspeaks,0,,,,,,0,0
aquarius career horoscope 2022 june,0,,,,,,0,0
aquarius career horoscope 2023,10,,,,,,0,10
aquarius career horoscope 2023 ganeshaspeaks,10,,,,,,0,10
aquarius career horoscope 2024,10,,,,,,0,10
aquarius career horoscope 2025,50,,,,,,0,320
aquarius career horoscope april 2022,0,,,,,,0,0
aquarius career horoscope august 2022,0,,,,,,0,0
aquarius career horoscope daily,10,,,,,,0,10
aquarius career horoscope december 2022,10,,,,,,0,10
aquarius career horoscope february 2022,0,,,,,,0,0
aquarius career horoscope for today,590,,LOW,0,,,590,880
aquarius career horoscope for tomorrow,480,,LOW,0,,,590,720
aquarius career horoscope january 2023,10,,,,,,0,10
aquarius career horoscope july 2022,0,,,,,,0,0
aquarius career horoscope june 2022,0,,,,,,0,0
aquarius career horoscope march 2022,0,,,,,,0,0
aquarius career horoscope may 2022,0,,,,,,0,0
aquarius career horoscope monthly,30,,LOW,0,,,20,40
aquarius career horoscope next week,320,,LOW,0,,,320,480
aquarius career horoscope november 2022,0,,,,,,0,0
aquarius career horoscope october 2022,10,,,,,,0,10
aquarius career horoscope september 2022,10,,,,,,0,10
aquarius career horoscope this month,20,,LOW,1,,,10,40
aquarius career horoscope this week,320,,LOW,0,,,320,480
aquarius career in 2022,0,,,,,,0,0
aquarius career january 2023,0,,,,,,0,0
aquarius career july 2022,0,,,,,,0,0
aquarius career june 2022,0,,,,,,0,0
aquarius career march 2022,0,,,,,,0,0
aquarius career may 2022,0,,,,,,0,0
aquarius career monthly horoscope,30,,LOW,0,,,20,40
aquarius career next week,30,,LOW,1,,,30,50
aquarius career november 2022,0,,,,,,0,0
aquarius career october 2022,0,,,,,,0,0
aquarius career september 2022,0,,,,,,0,0
aquarius career this month,10,,,,,,0,10
aquarius career this week,30,,LOW,0,,,30,50
aquarius career today,210,,LOW,0,,,170,320
aquarius career tomorrow,70,,LOW,0,,,110,140
aquarius career weekly,30,,LOW,0,,,30,50
aquarius daily career,10,,LOW,0,,,10,10
aquarius december 2022 career horoscope,0,,,,,,0,0
aquarius december career horoscope,10,,,,,,0,10
aquarius education horoscope,10,,LOW,0,,,10,10
aquarius february 2022 career horoscope,0,,,,,,0,0
aquarius february career horoscope,10,,,,,,0,10
aquarius foreign travel horoscope 2022,0,,,,,,0,0
aquarius foreign travel horoscope 2023,10,,,,,,0,10
aquarius future career,10,,LOW,0,,,10,20
aquarius future job,10,,,,,,0,10
aquarius horoscope 2022 career,0,,,,,,0,0
aquarius horoscope 2022 career predictions,0,,,,,,0,0
aquarius horoscope 2023 career,0,,,,,,0,0
aquarius horoscope april 2022 career,0,,,,,,0,0
aquarius horoscope august 2022 career,0,,,,,,0,0
aquarius horoscope career 2022,0,,,,,,0,0
aquarius horoscope career 2023,0,,,,,,0,0
aquarius horoscope career this week,40,,LOW,0,,,40,50
aquarius horoscope career tomorrow,480,,LOW,0,,,590,720
aquarius horoscope job,10,,LOW,0,,,10,10
aquarius horoscope july 2022 career,0,,,,,,0,0
aquarius horoscope june 2022 career,0,,,,,,0,0
aquarius horoscope march 2022 career,0,,,,,,0,0
aquarius horoscope november 2022 career,0,,,,,,0,0
aquarius horoscope september 2022 career,0,,,,,,0,0
aquarius horoscope tomorrow for students,70,,LOW,0,,,30,110
aquarius horoscope work,30,,LOW,1,,,30,50
aquarius january 2023 career horoscope,10,,,,,,0,10
aquarius job,210,,LOW,0,0.28,,170,260
aquarius job horoscope 2022,0,,,,,,0,0
aquarius job horoscope 2023,0,,,,,,0,0
aquarius job horoscope today,20,,LOW,0,,,20,40
aquarius jobs 2022,0,,,,,,0,0
aquarius july 2022 career horoscope,0,,,,,,0,0
aquarius july 2022 horoscope career,0,,,,,,0,0
aquarius july career,10,,,,,,0,10
aquarius july career horoscope,10,,LOW,0,,,10,10
aquarius july career horoscope 2022,0,,,,,,0,0
aquarius june 2022 career,,,,,,,,
aquarius june 2022 career horoscope,0,,,,,,0,0
aquarius june 2022 horoscope career,0,,,,,,0,0
aquarius june career,10,,,,,,0,10
aquarius june career horoscope,10,,,,,,0,40
aquarius june career horoscope 2022,0,,,,,,0,0
aquarius march 2022 career horoscope,0,,,,,,0,0
aquarius march career horoscope,10,,,,,,0,10
aquarius march career horoscope 2022,0,,,,,,0,0
aquarius may 2022 career,,,,,,,,
aquarius may 2022 career horoscope,0,,,,,,0,0
aquarius may career horoscope,10,,,,,,0,20
aquarius monthly career horoscope 2022,0,,,,,,0,0
aquarius monthly horoscope career,30,,LOW,0,,,20,40
aquarius next week career,10,,LOW,0,,,30,30
aquarius next week career horoscope,90,,LOW,0,,,90,110
aquarius november 2022 career,0,,,,,,0,0
aquarius november 2022 career horoscope,0,,,,,,0,0
aquarius november career horoscope,10,,,,,,0,20
aquarius october 2022 career,0,,,,,,0,0
aquarius october 2022 career horoscope,0,,,,,,0,0
aquarius october career horoscope,10,,LOW,0,,,10,10
aquarius september 2022 career,0,,,,,,0,0
aquarius september 2022 career horoscope,0,,,,,,0,0
aquarius september career horoscope,10,,LOW,4,,,10,10
aquarius spiritual,10,,LOW,0,,,10,10
aquarius spiritual gifts,10,,LOW,14,,,10,10
aquarius spiritual horoscope,10,,,,,,0,10
aquarius student horoscope 2022,10,,,,,,0,10
aquarius student horoscope 2023,10,,,,,,0,10
aquarius successful careers,10,,,,,,0,10
aquarius suitable career,10,,LOW,0,,,10,10
aquarius this week career horoscope,20,,LOW,0,,,10,30
aquarius today career horoscope,590,,LOW,0,,,590,880
aquarius tomorrow career,70,,LOW,0,,,110,140
aquarius tomorrow career horoscope,480,,LOW,0,,,590,720
aquarius week ahead career,,,,,,,,
aquarius weekly career horoscope next week,10,,LOW,0,,,10,10
aquarius weekly health horoscope,10,,LOW,0,,,10,10
aquarius woman career,20,,LOW,0,,,10,30
aquarius work horoscope 2022,0,,,,,,0,0
aquarius work horoscope today,20,,LOW,0,,,20,30
aquarius yearly career horoscope,10,,,,,,0,10
aries 2022 career,0,,,,,,0,0
aries 2022 career horoscope,0,,,,,,0,0
aries 2022 career predictions,0,,,,,,0,0
aries 2022 horoscope career,0,,,,,,0,0
aries 2022 job horoscope,0,,,,,,0,0
aries 2023 career,10,,,,,,0,10
aries 2023 career horoscope,0,,,,,,0,0
aries 2023 career predictions,0,,,,,,0,0
aries 2023 horoscope career,10,,,,,,0,10
aries 2023 horoscope for students,10,,,,,,0,10
aries 2024 career,10,,,,,,0,10
aries and career,170,,LOW,0,,,170,320
aries and spirituality,10,,LOW,0,,,10,20
aries april 2022 career horoscope,0,,,,,,0,0
aries april 2022 horoscope career,0,,,,,,0,0
aries april career,0,,,,,,0,0
aries april career horoscope,10,,,,,,0,10
aries april career horoscope 2022,0,,,,,,0,0
aries astroyogi career,20,,LOW,1,,,20,50
aries august 2022 career horoscope,0,,,,,,0,0
aries august 2022 horoscope career,10,,,,,,0,10
aries august career,10,,LOW,0,,,10,10
aries august career horoscope,10,,LOW,0,,,10,10
aries august career horoscope 2022,0,,,,,,0,0
aries best career,40,,LOW,0,,,50,70
aries best jobs,40,,LOW,0,,,50,70
aries business horoscope,10,,LOW,0,,,10,20
aries business horoscope today,10,,LOW,0,,,20,20
aries career,170,,LOW,0,,,170,320
aries career 2022,0,,,,,,0,0
aries career 2022 horoscope,10,,,,,,0,10
aries career 2023,0,,,,,,0,0
aries career april 2022,,,,,,,,
aries career august 2022,0,,,,,,0,0
aries career daily,10,,LOW,1,,,20,20
aries career daily horoscope,1000,,LOW,0,,,1300,1300
aries career december 2022,0,,,,,,0,0
aries career february 2022,0,,,,,,0,0
aries career horoscope,260,,LOW,1,,,390,390
aries career horoscope 2021,10,,,,,,0,10
aries career horoscope 2022,10,,,,,,0,10
aries career horoscope 2022 ganeshaspeaks,10,,,,,,0,10
aries career horoscope 2023,10,,,,,,0,10
aries career horoscope april 2022,0,,,,,,0,0
aries career horoscope august 2022,0,,,,,,0,0
aries career horoscope december 2022,10,,,,,,0,10
aries career horoscope feb 2022,0,,,,,,0,0
aries career horoscope february 2022,0,,,,,,0,0
aries career horoscope february 2023,0,,,,,,0,0
aries career horoscope for 2022,0,,,,,,0,0
aries career horoscope for next week,90,,LOW,0,,,50,170
aries career horoscope for this week,480,,LOW,0,0.67,,480,590
aries career horoscope for today,1000,,LOW,0,,,1300,1300
aries career horoscope january 2022,0,,,,,,0,0
aries career horoscope january 2023,10,,,,,,0,10
aries career horoscope july 2022,0,,,,,,0,0
aries career horoscope june 2022,0,,,,,,0,0
aries career horoscope march 2022,0,,,,,,0,0
aries career horoscope may 2022,10,,,,,,0,10
aries career horoscope monthly,40,,LOW,1,,,40,70
aries career horoscope next month,10,,LOW,0,,,10,10
aries career horoscope november 2022,10,,,,,,0,10
aries career horoscope october 2022,10,,,,,,0,10
aries career horoscope september 2022,10,,,,,,0,10
aries career horoscope today astroyogi,30,,LOW,0,,,20,40
aries career horoscope today ganeshaspeaks,20,,LOW,0,,,10,50
aries career horoscope tomorrow,720,,LOW,0,0.76,,720,720
aries career in 2022,0,,,,,,0,0
aries career in 2023,0,,,,,,0,0
aries career january 2022,0,,,,,,0,0
aries career january 2023,10,,,,,,0,10
aries career july 2022,0,,,,,,0,0
aries career june 2022,,,,,,,,
aries career march 2022,0,,,,,,0,0
aries career may 2022,0,,,,,,0,0
aries career monthly,20,,LOW,0,,,20,50
aries career next week,10,,LOW,2,,,10,10
aries career november 2022,0,,,,,,0,0
aries career october 2022,0,,,,,,0,0
aries career september 2022,0,,,,,,0,0
aries career this week,40,,LOW,0,,,40,70
aries career today,140,,LOW,0,,,170,170
aries career tomorrow,50,,LOW,2,1.62,,140,140
aries carrer daily,0,,,,,,0,0
aries daily career astro,10,,,,,,0,10
aries daily career horoscope tomorrow,10,,,,,,0,10
aries daily career horoscope truthstar,0,,,,,,0,0
aries daily work horoscope,10,,LOW,0,,,10,10
aries december 2022 career horoscope,10,,,,,,0,10
aries december career horoscope,10,,,,,,0,10
aries february 2022 career horoscope,0,,,,,,0,0
aries february career horoscope,10,,,,,,0,10
aries february career horoscope 2022,0,,,,,,0,0
aries foreign travel 2022,0,,,,,,0,0
aries future career,50,,LOW,0,,,40,140
aries horoscope 2022 career,0,,,,,,0,0
aries horoscope 2022 career predictions,0,,,,,,0,0
aries horoscope 2023 career,10,,,,,,0,10
aries horoscope august 2022 career,0,,,,,,0,0
aries horoscope career 2022,0,,,,,,0,0
aries horoscope career 2023,0,,,,,,0,0
aries horoscope career november 2022,0,,,,,,0,0
aries horoscope career this week,50,,LOW,0,,,50,70
aries horoscope career tomorrow,10,,LOW,0,,,10,10
aries horoscope career weekly,170,,LOW,0,,,320,390
aries horoscope job,10,,LOW,0,,,10,10
aries horoscope june 2022 career,0,,,,,,0,0
aries horoscope monthly career,40,,LOW,1,,,40,70
aries horoscope september 2022 career,0,,,,,,0,0
aries horoscope students,10,,LOW,0,,,10,10
aries horoscope work,260,,LOW,1,,,390,390
aries january 2023 career horoscope,10,,,,,,0,10
aries job career,10,,LOW,0,,,10,20
aries job horoscope,260,,LOW,1,,,390,390
aries job horoscope 2022,0,,,,,,0,0
aries job horoscope 2023,10,,,,,,0,10
aries job horoscope today,20,,LOW,0,,,10,20
aries july 2022 career horoscope,,,,,,,,
aries july career 2022,,,,,,,,
aries july career horoscope,10,,,,,,0,10
aries july career horoscope 2022,10,,,,,,0,10
aries june 2022 career,,,,,,,,
aries june 2022 career horoscope,0,,,,,,0,0
aries june career horoscope,10,,,,,,0,10
aries june career horoscope 2022,0,,,,,,0,0
aries man career,10,,LOW,0,,,10,10
aries march 2022 career,,,,,,,,
aries march 2022 career horoscope,0,,,,,,0,0
aries march 2022 horoscope career,,,,,,,,
aries march career 2022,,,,,,,,
aries march career horoscope,10,,,,,,0,10
aries march career horoscope 2022,0,,,,,,0,0
aries may 2022 career,,,,,,,,
aries may 2022 career horoscope,,,,,,,,
aries may career horoscope,10,,,,,,0,20
aries may career horoscope 2022,0,,,,,,0,0
aries monthly career horoscope 2021,0,,,,,,0,0
aries monthly career horoscope 2022,0,,,,,,0,0
aries new job 2022,10,,,,,,0,10
aries next month career horoscope,10,,LOW,5,,,10,10
aries next week career,10,,LOW,0,,,10,10
aries november 2022 career horoscope,10,,,,,,0,10
aries november 2022 horoscope career,10,,,,,,0,10
aries november career horoscope,10,,,,,,0,30
aries november career horoscope 2022,10,,,,,,0,10
aries october 2022 career horoscope,10,,,,,,0,10
aries october 2022 horoscope career,10,,,,,,0,10
aries october career,10,,,,,,0,10
aries october career horoscope,10,,,,,,0,20
aries profession,140,,LOW,1,,,170,210
aries professional life,10,,,,,,0,10
aries rising careers,10,,LOW,0,,,10,10
aries september 2022 career,0,,,,,,0,0
aries september 2022 career horoscope,10,,,,,,0,10
aries september 2022 horoscope career,0,,,,,,0,0
aries september career horoscope,10,,LOW,1,,,10,10
aries spiritual,10,,LOW,0,,,10,20
aries spiritual awakening,10,,,,,,0,10
aries spiritual gifts,10,,,,,,0,10
aries spiritual horoscope,10,,,,,,0,10
aries spirituality,10,,LOW,0,,,10,20
aries student horoscope 2023,10,,,,,,0,10
aries this week career horoscope,30,,LOW,2,,,20,50
aries tomorrow career,10,,LOW,0,,,10,10
aries weekly career astro,10,,,,,,0,10
aries weekly career horoscope 2021,0,,,,,,0,0
aries weekly career horoscope 2022,0,,,,,,0,0
aries weekly career horoscope next week,10,,LOW,4,,,10,10
aries weekly work horoscope,10,,,,,,0,10
aries woman career,10,,LOW,0,,,10,20
aries work horoscope 2022,0,,,,,,0,0
aries work horoscope today,1000,,LOW,0,,,1300,1300
aries yearly career horoscope 2022,10,,,,,,0,10
aries zodiac sign career,20,,LOW,2,,,10,30
as per astrology when i will go abroad,10,,,,,,0,10
ashoka pillar vastu remedies,10,,,,,,0,10
ashwini nakshatra remedies,30,,LOW,0,,,30,50
astro future prediction,880,,LOW,3,0.32,,880,1000
astro mahavastu remedies,10,,LOW,29,,,10,10
astro remedies a vedic approach raj kumar,0,,,,,,0,0
astro spiritual,320,,LOW,4,0.09,,210,720
astro spiritual world,10,,LOW,0,,,10,10
astro vastu remedies,70,,LOW,2,1.9,,110,210
astrologer job openings,70,,LOW,0,,,70,260
astrologer jobs near me,70,,LOW,0,,,70,90
astrologer psychic spiritualist,10,,,,,,0,10
astrological career guidance,40,,LOW,24,0.25,,40,70
astrological remedies for all planets,10,,LOW,7,,,10,20
astrological remedies for rahu,320,,LOW,1,0.05,,1000,1000
astrological remedies for saturn,50,,LOW,1,,,50,90
astrological remedies for venus,260,,LOW,1,0.01,,320,320
astrological solution for delay in marriage,0,,,,,,0,0
astrologist career,320,,LOW,22,0.12,,390,390
astrologist job,1300,,LOW,10,0.1,,1000,1600
astrology a cosmic science isabel hickey,10,,,,,,0,10
astrology a cosmic science the classic work on spiritual astrology,10,,LOW,0,,,10,10
astrology about career free,10,,MEDIUM,64,,,10,10
astrology about job by date of birth,140,,LOW,18,0.07,,40,210
astrology about my job,10,,HIGH,80,0.21,,10,20
astrology and career,2400,,LOW,22,0.25,,2400,2900
astrology and career prediction,10,,,,,,0,10
astrology and jobs,10,,,,,,0,10
astrology and profession,40,,LOW,6,,,30,50
astrology and psychic center,10,,,,,,0,10
astrology and spiritual awakening,10,,LOW,0,,,10,10
astrology aquarius today career,10,,LOW,0,,,10,10
astrology as a profession,10,,LOW,0,,,10,10
astrology by date of birth career,30,,MEDIUM,37,0.11,,30,50
astrology by date of birth for government job,30,,LOW,32,0.18,,40,50
astrology career by date of birth,50,,LOW,16,0.01,,10,140
astrology career chart,70,,LOW,0,,,320,320
astrology career prediction by date of birth,40,,MEDIUM,40,0.09,,30,70
astrology chart career,10,,LOW,4,,,10,10
astrology content writing,10,,LOW,2,,,10,20
astrology cosmos science by isabel hickey,,,,,,,,
astrology employment,10,,LOW,0,,,10,10
astrology for career by date of birth and time,0,,,,,,0,0
astrology for career prediction,20,,MEDIUM,62,0.38,,10,30
astrology for education and career,10,,MEDIUM,50,0.17,,10,10
astrology for foreign job,10,,,,,,0,10
astrology for future career,40,,LOW,4,0.2,,50,70
astrology for getting government job,0,,,,,,0,0
astrology for getting job,20,,MEDIUM,35,0.05,,20,30
astrology for going abroad,10,,,,,,0,10
astrology for government job,50,,LOW,22,0.01,,40,70
astrology for job prediction free,40,,MEDIUM,35,0.09,,50,90
astrology for job seekers,10,,MEDIUM,36,,,10,10
astrology for profession,10,,LOW,14,0.05,,10,10
astrology for spiritual development,10,,LOW,0,,,10,10
astrology for travelling abroad,10,,LOW,9,,,10,10
astrology foreign travel indicator,10,,,,,,0,10
astrology free by date of birth career,0,,,,,,0,0
astrology free career,10,,MEDIUM,46,0.02,,10,20
astrology freelance,10,,LOW,0,,,10,10
astrology future career,40,,LOW,4,0.2,,50,70
astrology government job,30,,LOW,3,,,20,40
astrology govt job prediction,20,,LOW,16,0.26,,10,30
astrology horoscope career,10,,LOW,10,,,10,10
astrology jobs remote,20,,LOW,0,,,10,40
astrology metaphysics,10,,LOW,0,,,10,10
astrology mundane and spiritual,10,,,,,,0,10
astrology predictions for political career,10,,,,,,0,10
astrology profession,90,,LOW,5,0.03,,90,110
astrology regarding career,2400,,LOW,22,0.25,,2400,2900
astrology regarding job,1300,,LOW,10,0.1,,1000,1600
astrology related jobs,40,,MEDIUM,38,0.33,,40,50
astrology related to career,10,,,,,,0,10
astrology spiritual awakening,10,,LOW,0,,,10,10
astrology teaching jobs,20,,LOW,16,0.01,,10,40
astrology today pisces careers,10,,LOW,0,,,10,10
astrosage career,20,,LOW,1,,,30,40
astrosage career horoscope,70,,LOW,4,0.33,,90,170
astrosage free kundli career horoscope,30,,MEDIUM,37,0.03,,40,50
astrosage jobs,40,,LOW,1,0.01,,50,50
astrotalk career,1600,,LOW,3,0.47,,1900,1900
astrotalk job,260,,LOW,1,0.23,,320,320
astroyogi aquarius career horoscope,10,,LOW,0,,,40,90
astroyogi career,70,,LOW,0,,,30,90
astroyogi career horoscope,260,,LOW,5,,,480,1300
atiganda yoga remedy,30,,LOW,0,,,30,40
august 2022 career horoscope,0,,,,,,0,0
august aries career horoscope,10,,LOW,0,,,10,10
august capricorn career horoscope 2022,0,,,,,,0,0
august career horoscope,10,,LOW,0,,,10,10
august career horoscope 2022,0,,,,,,0,0
august libra career horoscope 2022,0,,,,,,0,0
avayogi remedies,10,,LOW,0,,,10,10
bad rahu remedies,20,,LOW,0,,,10,20
badhak graha remedies,10,,LOW,0,,,10,10
bala graha dosha,90,,LOW,0,,,90,110
bala graha yantra,50,,LOW,2,,,50,90
balcony in north west vastu remedies,10,,,,,,0,10
balcony in south direction vastu,40,,LOW,1,,,40,70
balcony in south east vastu,140,,LOW,0,,,110,170
balcony in south west vastu,170,,LOW,1,,,170,260
balcony in west vastu,10,,LOW,0,,,10,20
bank job astrology,10,,LOW,0,,,10,10
banking sector job astrology,10,,,,,,0,10
bathroom east vastu,20,,LOW,1,,,10,20
bathroom in east direction,210,,LOW,1,,,110,260
bathroom in north east corner remedy,10,,,,,,0,10
bathroom in north east corner vastu,10,,LOW,0,,,10,20
bathroom in north east vastu,590,,LOW,4,0.89,,480,720
bathroom in south east corner remedy,10,,LOW,0,,,10,10
bathroom in south east vastu,10,,LOW,0,,,10,10
bathroom in south west corner remedy,10,,LOW,0,,,10,10
bathroom in south west corner vastu,20,,LOW,0,,,30,30
bathroom in south west vastu,590,,LOW,0,0.01,,480,720
bathroom south east corner vastu,30,,LOW,0,,,30,50
bathroom vastu dosh nivaran,10,,LOW,14,,,10,10
bathroom vastu for south facing house,30,,LOW,1,,,20,50
bedroom in north east remedies,50,,LOW,3,0.01,,30,70
bedroom in north west vastu remedy,10,,,,,,0,10
bedroom in south east corner remedy,10,,LOW,0,,,10,10
bedroom in south east corner vastu,10,,LOW,0,,,10,20
bedroom in south east remedies,10,,LOW,0,,,10,10
bedroom in south east vastu remedy,140,,LOW,6,,,90,260
bedroom north east vastu remedy,50,,LOW,2,,,30,170
bedroom vastu remedies,10,,,,,,0,10
beej mantra for all planets,50,,LOW,0,,,50,70
beej mantra for rahu,12100,,LOW,0,0.14,,14800,14800
beej mantra for saturn,210,,LOW,0,,,210,260
beej mantra of saturn,20,,LOW,0,,,20,40
beej mantra rahu,50,,LOW,0,,,50,90
beej mantra shukra,40,,LOW,0,,,40,50
beej mantras for planets,10,,LOW,0,,,20,20
best & leading astrologer and psychic adiyogi,0,,,,,,0,0
best and worst careers for virgos,10,,LOW,0,,,10,20
best astrologer for career prediction,40,,MEDIUM,41,0.54,,20,90
best capricorn careers,10,,LOW,0,,,10,10
best career according to astrology,20,,MEDIUM,43,0.13,,10,40
best career according to kundli,10,,MEDIUM,36,,,10,10
best career according to zodiac sign,10,,,,,,0,10
best career based on astrology,10,,HIGH,71,0.01,,10,10
best career based on birth chart,10,,LOW,0,,,10,10
best career based on zodiac sign,10,,,,,,0,10
best career by zodiac sign,10,,,,,,0,10
best career for a gemini,40,,LOW,0,,,30,50
best career for a virgo,10,,,,,,0,10
best career for a virgo woman,10,,LOW,0,,,10,10
best career for aquarius female,40,,LOW,0,,,30,50
best career for aquarius male,20,,LOW,0,,,20,30
best career for aquarius woman,10,,LOW,0,,,10,10
best career for aries female,10,,LOW,0,,,10,20
best career for aries woman,10,,LOW,0,,,10,10
best career for capricorn,40,,LOW,0,,,30,70
best career for capricorn female,10,,LOW,2,,,10,30
best career for capricorn male,10,,LOW,0,,,10,10
best career for capricorn woman,10,,LOW,0,,,10,10
best career for gemini female,10,,LOW,0,,,10,10
best career for gemini male,10,,,,,,0,10
best career for gemini man,10,,LOW,0,,,10,10
best career for gemini woman,10,,LOW,0,,,10,10
best career for libra,50,,LOW,0,,,40,70
best career for libra female,20,,LOW,1,,,20,40
best career for libra male,10,,LOW,0,,,10,10
best career for libra man,10,,,,,,0,10
best career for libra woman,10,,LOW,0,,,10,20
best career for makar rashi,10,,LOW,0,,,10,10
best career for me according to astrology,10,,LOW,31,0.03,,20,20
best career for me astrology,10,,MEDIUM,46,0.16,,10,30
best career for pisces,50,,LOW,0,,,30,70
best career for sagittarius,40,,LOW,1,,,40,50
best career for sagittarius female,10,,,,,,0,10
best career for sagittarius woman,20,,LOW,0,,,10,30
best career for taurus woman,30,,LOW,0,,,20,40
best career for virgo,30,,LOW,1,,,20,50
best career for virgo man,20,,LOW,0,,,10,30
best career for your zodiac sign,10,,,,,,0,10
best career for zodiac signs,10,,LOW,0,,,10,10
best career horoscope,10,,MEDIUM,52,0.27,,10,10
best career prediction by date of birth,20,,MEDIUM,41,0.09,,20,30
best careers based on zodiac sign,10,,,,,,0,10
best careers for a capricorn,10,,,,,,0,10
best careers for a libra,50,,LOW,0,,,40,70
best careers for a sagittarius,40,,LOW,1,,,40,50
best careers for gemini female,10,,LOW,0,,,10,10
best careers for libra scorpio cusp,0,,,,,,0,0
best careers for pisces female,30,,LOW,1,,,20,50
best careers for sagittarius man,10,,LOW,0,,,10,10
best indian astrologer & psychic,10,,,,,,0,10
best job according to zodiac sign,10,,LOW,0,,,10,10
best job based on birth chart,10,,,,,,0,10
best job for a capricorn,40,,LOW,0,,,30,70
best job for a sagittarius,40,,LOW,1,,,40,50
best job for a virgo,30,,LOW,1,,,20,50
best job for aquarius female,10,,LOW,0,,,10,20
best job for aquarius woman,10,,LOW,0,,,10,10
best job for aries,40,,LOW,0,,,50,70
best job for aries female,40,,LOW,0,,,30,50
best job for aries male,10,,LOW,0,,,10,10
best job for capricorn,40,,LOW,0,,,30,70
best job for capricorn woman,10,,LOW,0,,,10,10
best job for gemini woman,10,,LOW,0,,,10,10
best job for libra female,10,,LOW,0,,,10,20
best job for sagittarius female,10,,,,,,0,10
best job for sagittarius woman,10,,LOW,0,,,10,20
best job for taurus,20,,LOW,0,,,10,40
best job for virgo female,10,,LOW,0,,,10,20
best job for virgo woman,10,,LOW,0,,,10,10
best job for zodiac sign,10,,LOW,0,,,10,10
best jobs according to your zodiac sign,10,,LOW,2,,,10,10
best jobs based on zodiac sign,10,,,,,,0,10
best jobs for a gemini,40,,LOW,0,,,30,50
best jobs for a gemini female,10,,,,,,0,10
best jobs for a libra,50,,LOW,0,,,40,70
best jobs for a libra woman,10,,LOW,0,,,10,20
best jobs for a sagittarius woman,10,,,,,,0,10
best jobs for a virgo woman,10,,LOW,0,,,10,10
best jobs for aquarius male,10,,LOW,0,,,10,10
best jobs for aquarius man,10,,LOW,0,,,10,10
best jobs for aquarius midheaven,0,,,,,,0,0
best jobs for aries man,10,,,,,,0,10
best jobs for aries woman,10,,LOW,0,,,10,10
best jobs for capricorn female,30,,LOW,0,,,20,50
best jobs for capricorn male,10,,LOW,0,,,10,10
best jobs for capricorn rising,10,,,,,,0,10
best jobs for female virgos,0,,,,,,0,0
best jobs for gemini male,10,,LOW,0,,,10,10
best jobs for gemini zodiac sign,10,,LOW,0,,,10,10
best jobs for libra male,10,,LOW,0,,,10,10
best jobs for libra man,10,,,,,,0,10
best jobs for libra woman,10,,LOW,0,,,10,20
best jobs for libras,50,,LOW,0,,,40,70
best jobs for sagittarius male,10,,,,,,0,10
best jobs for sagittarius man,10,,LOW,0,,,10,10
best jobs for scorpio zodiac sign,10,,LOW,0,,,10,10
best jobs for snake zodiac,0,,,,,,0,0
best jobs for the zodiac signs,10,,LOW,0,,,10,10
best jobs for virgo male,10,,,,,,0,10
best jobs for your zodiac sign,0,,,,,,0,0
best profession for aquarius,50,,LOW,0,,,30,70
best profession for aquarius woman,10,,LOW,0,,,10,10
best profession for capricorn,10,,,,,,0,10
best profession for capricorn man,10,,LOW,0,,,10,10
best profession for capricorn woman,10,,LOW,0,,,10,20
best profession for gemini,40,,LOW,0,,,30,50
best profession for gemini woman,20,,LOW,0,,,10,40
best profession for libra,10,,LOW,0,,,10,20
best profession for libra man,20,,LOW,0,,,20,30
best profession for libra woman,30,,LOW,0,,,20,50
best profession for sagittarius,10,,LOW,0,,,10,10
best profession for sagittarius man,10,,LOW,0,,,10,10
best profession for sagittarius woman,10,,LOW,0,,,10,10
best profession for virgo,10,,LOW,0,,,10,10
best profession for virgo woman,30,,LOW,0,,,20,50
best rahu remedy,590,,LOW,4,0.01,,390,880
best remedies for ketu,50,,LOW,2,,,70,70
best remedies for ketu mahadasha,10,,LOW,7,,,10,20
best remedies for shani sade sati,20,,LOW,7,,,20,30
best remedy for evil eye,10,,LOW,31,,,10,20
best remedy for rahu and ketu,10,,LOW,1,,,10,10
best remedy for rahu in 8th house,10,,LOW,3,0.01,,10,10
best remedy for rahu mahadasha,170,,LOW,6,0.01,,140,210
best remedy for shani dosha,20,,LOW,23,,,10,40
best sagittarius careers,10,,LOW,0,,,10,10
best vastu remedies for home,30,,LOW,31,0.05,,40,40
bhrigu nandi nadi profession,10,,LOW,0,,,10,20
birth chart and career,10,,LOW,0,,,10,10
birth chart career analysis,10,,LOW,0,,,10,30
birth chart career reading,10,,,,,,0,10
birth chart for career,10,,LOW,0,,,10,10
birth chart foreign travel,10,,,,,,0,10
birth chart future career,10,,,,,,0,10
birth chart job,10,,,,,,0,10
birth date career prediction,20,,LOW,17,,,10,30
brahmasthan dosh nivaran,10,,LOW,0,,,10,10
brahmasthan in home,70,,LOW,0,,,170,170
brahmasthan mahavastu,10,,LOW,0,,,10,10
brahmasthan remedies,20,,MEDIUM,53,,,10,30
brahmasthan vastu dosh,20,,LOW,16,0.04,,10,40
brahmasthan vastu dosh nivaran,10,,MEDIUM,48,,,10,10
brahmasthan vastu dosh remedy,30,,MEDIUM,49,0.13,,10,50
brahmasthan vastu remedies,210,,MEDIUM,56,0.09,,140,390
brass helix vastu,260,,HIGH,99,0.04,,480,480
brihaspati yantra,1600,,MEDIUM,58,0.04,,1300,6600
brihat parashara hora shastra remedies,20,,LOW,3,,,20,40
budh beej,20,,LOW,0,,,20,50
budh beej mantra,3600,,LOW,0,,,4400,5400
budh grah ka beej mantra,210,,LOW,0,,,210,260
budh grah mantra,1600,,LOW,0,,,1600,1900
budh grah remedies,20,,LOW,0,,,30,40
budh grah yantra,170,,HIGH,96,0.03,,170,210
budh graha mantra,1000,,LOW,0,,,1000,1000
budh graha remedies,210,,LOW,1,0.02,,210,260
budh graha shanti mantra,10,,LOW,0,,,10,10
budh in 11th house lal kitab,10,,LOW,0,,,10,20
budh in 12th house lal kitab,10,,LOW,0,,,10,10
budh in 12th house remedies,10,,LOW,0,,,10,30
budh in 6th house lal kitab,10,,LOW,0,,,10,20
budh jaap,50,,LOW,0,,,40,70
budh jaap mantra,90,,LOW,0,,,110,110
budh ka beej mantra,590,,LOW,0,,,720,720
budh lal kitab,10,,LOW,0,,,10,30
budh mahadasha remedies,20,,LOW,0,,,10,20
budh mantra,9900,,LOW,0,0.14,,9900,9900
budh mantra 108,140,,LOW,0,,,320,320
budh mantra for panna,40,,LOW,0,,,50,70
budh mantra for wearing panna,40,,LOW,0,,,20,70
budh mantra in english,320,,LOW,0,,,260,480
budh mantra jaap,590,,LOW,0,,,480,880
budh remedies,210,,LOW,1,0.02,,210,260
budh tantrik mantra,50,,LOW,0,,,50,70
budh vedic mantra,90,,LOW,0,,,110,110
budh yantra mantra,20,,LOW,0,,,10,90
budha bija mantra,10,,LOW,0,,,10,20
budha dasha remedies,30,,LOW,1,,,20,40
budha graha japa mantra,10,,LOW,0,,,10,10
budha graha mantra in english,40,,LOW,0,,,50,50
budha graha shanti,20,,LOW,0,,,20,30
budha graha shanti mantra,20,,LOW,0,,,20,30
budha mantra,1000,,LOW,0,,,1000,1000
budha mantra jaap,50,,LOW,0,,,70,70
budha navagraha mantra,20,,LOW,0,,,20,30
buri nazar remedies,10,,LOW,0,,,10,10
business according to kundli,20,,LOW,14,0.02,,10,40
business according to kundli free in hindi,0,,,,,,0,0
business astrology by date of birth in hindi,10,,,,,,0,10
business astrology free,10,,LOW,29,0.32,,10,10
business horoscope,50,,LOW,31,0.25,,30,70
business horoscope 2022,0,,,,,,0,0
business horoscope by date of birth,20,,MEDIUM,50,0.11,,20,30
cafe astrology career,10,,LOW,0,,,10,10
cancer april 2022 career horoscope,,,,,,,,
cancer april career horoscope 2022,0,,,,,,0,0
cancer astrology career,50,,LOW,0,,,40,70
cancer astrology jobs,10,,LOW,0,,,10,30
cancer august 2022 career horoscope,0,,,,,,0,0
cancer business horoscope,10,,LOW,3,,,10,10
cancer career 2023 horoscope,0,,,,,,0,0
cancer career daily,10,,,,,,0,10
cancer career daily horoscope,170,,LOW,0,,,110,260
cancer career horoscope,390,,LOW,1,0.75,,260,480
cancer career horoscope 2022 august,0,,,,,,0,0
cancer career horoscope 2022 ganeshaspeaks,0,,,,,,0,0
cancer career horoscope 2022 september,0,,,,,,0,0
cancer career horoscope 2023,10,,LOW,0,,,10,10
cancer career horoscope 2023 ganeshaspeaks,10,,,,,,0,10
cancer career horoscope 2024,10,,,,,,0,10
cancer career horoscope april 2022,0,,,,,,0,0
cancer career horoscope august 2022,0,,,,,,0,0
cancer career horoscope feb 2022,0,,,,,,0,0
cancer career horoscope february 2022,0,,,,,,0,0
cancer career horoscope for next week ganeshaspeaks,110,,LOW,0,,,70,210
cancer career horoscope for this week,480,,LOW,0,,,390,590
cancer career horoscope for today,1000,,LOW,0,,,1300,1300
cancer career horoscope for tomorrow,1000,,LOW,0,,,1300,1300
cancer career horoscope ganeshaspeaks,20,,LOW,0,,,10,30
cancer career horoscope january 2022,0,,,,,,0,0
cancer career horoscope january 2023,0,,,,,,0,0
cancer career horoscope may 2022,10,,,,,,0,10
cancer career horoscope next month,20,,LOW,0,,,10,40
cancer career horoscope next week,480,,LOW,0,,,390,590
cancer career horoscope september,10,,LOW,3,,,10,20
cancer career horoscope september 2022,10,,,,,,0,10
cancer career horoscope this month,50,,LOW,1,,,40,70
cancer career horoscope this week,480,,LOW,0,,,390,590
cancer careers zodiac,50,,LOW,0,,,40,70
cancer december career horoscope,10,,,,,,0,10
cancer february career horoscope,10,,,,,,0,10
cancer finance horoscope,10,,LOW,0,,,10,10
cancer foreign travel horoscope 2022,10,,,,,,0,10
cancer horoscope career 2022,0,,,,,,0,0
cancer horoscope career 2023,10,,,,,,0,10
cancer horoscope career this week,40,,LOW,0,,,40,70
cancer horoscope jobs,10,,LOW,0,,,10,10
cancer horoscope july 2022 career,0,,,,,,0,0
cancer horoscope september 2022 career,0,,,,,,0,0
cancer horoscope work,390,,LOW,1,0.75,,260,480
cancer jobs zodiac,10,,LOW,0,,,10,10
cancer monthly career horoscope,50,,LOW,1,,,40,70
cancer next week career horoscope,20,,LOW,0,,,10,40
cancer november 2022 career horoscope,10,,,,,,0,10
cancer november career horoscope,10,,,,,,0,20
cancer october 2022 career horoscope,0,,,,,,0,0
cancer october career horoscope,10,,,,,,0,10
cancer september 2022 horoscope career,0,,,,,,0,0
cancer spiritual horoscope,10,,,,,,0,10
cancer spirituality zodiac,10,,,,,,0,10
cancer star sign careers,50,,LOW,0,,,40,70
cancer student horoscope 2023,10,,,,,,0,10
cancer tomorrow horoscope for students,50,,LOW,0,,,20,70
cancer woman career,10,,LOW,0,,,10,10
cancer work horoscope today,20,,LOW,0,,,20,40
cancer zodiac sign career,20,,LOW,1,,,20,30
cancer zodiac sign jobs,10,,LOW,0,,,10,10
cancer zodiac spiritual awakening,10,,,,,,0,10
cancer zodiac spiritual gifts,10,,,,,,0,10
capricorn 10 january career,10,,,,,,0,10
capricorn 2021 career predictions,0,,,,,,0,0
capricorn 2022 career,0,,,,,,0,0
capricorn 2022 career horoscope,0,,,,,,0,0
capricorn 2022 horoscope career,10,,,,,,0,10
capricorn 2023 career,0,,,,,,0,0
capricorn 2023 career horoscope,0,,,,,,0,0
capricorn 2023 career predictions,10,,,,,,0,10
capricorn 2023 horoscope career,10,,,,,,0,10
capricorn 2024 career predictions,0,,,,,,0,0
capricorn and career,170,,LOW,1,,,140,210
capricorn april 2022 career,0,,,,,,0,0
capricorn april 2022 career horoscope,0,,,,,,0,0
capricorn april career horoscope,10,,,,,,0,10
capricorn august 2022 career,0,,,,,,0,0
capricorn august 2022 career horoscope,0,,,,,,0,0
capricorn august career horoscope,10,,LOW,0,,,20,20
capricorn business 2022,0,,,,,,0,0
capricorn business horoscope,10,,LOW,0,,,10,10
capricorn business horoscope 2022,0,,,,,,0,0
capricorn business horoscope 2023,10,,,,,,0,10
capricorn career,170,,LOW,1,,,140,210
capricorn career 2022,0,,,,,,0,0
capricorn career 2022 horoscope,0,,,,,,0,0
capricorn career 2023,10,,,,,,0,10
capricorn career 2023 horoscope,0,,,,,,0,0
capricorn career april 2022,0,,,,,,0,0
capricorn career august,10,,LOW,0,,,10,10
capricorn career august 2022,0,,,,,,0,0
capricorn career daily,10,,,,,,0,20
capricorn career daily horoscope,110,,LOW,0,,,70,320
capricorn career december 2022,0,,,,,,0,0
capricorn career february 2022,0,,,,,,0,0
capricorn career february 2023,0,,,,,,0,0
capricorn career horoscope,210,,LOW,1,,,210,260
capricorn career horoscope 2022,10,,,,,,0,10
capricorn career horoscope 2023,10,,LOW,0,,,10,10
capricorn career horoscope april 2022,0,,,,,,0,0
capricorn career horoscope august 2022,0,,,,,,0,0
capricorn career horoscope daily,110,,LOW,0,,,70,320
capricorn career horoscope december 2022,10,,,,,,0,10
capricorn career horoscope february 2022,0,,,,,,0,0
capricorn career horoscope for this week,210,,LOW,1,,,170,260
capricorn career horoscope for today,110,,LOW,0,,,70,320
capricorn career horoscope january 2022,0,,,,,,0,0
capricorn career horoscope january 2023,0,,,,,,0,0
capricorn career horoscope july 2022,0,,,,,,0,0
capricorn career horoscope june 2022,0,,,,,,0,0
capricorn career horoscope march 2022,0,,,,,,0,0
capricorn career horoscope may 2022,0,,,,,,0,0
capricorn career horoscope monthly,40,,LOW,2,,,30,50
capricorn career horoscope next week,20,,LOW,0,,,30,30
capricorn career horoscope november 2022,10,,,,,,0,10
capricorn career horoscope october 2022,10,,,,,,0,10
capricorn career horoscope september 2022,0,,,,,,0,0
capricorn career horoscope this month,40,,LOW,2,,,30,50
capricorn career horoscope this week,40,,LOW,1,,,40,50
capricorn career horoscope tomorrow,590,,LOW,0,0.49,,480,720
capricorn career in 2022,0,,,,,,0,0
capricorn career in 2023,0,,,,,,0,0
capricorn career january 2023,0,,,,,,0,0
capricorn career july 2022,0,,,,,,0,0
capricorn career june 2022,0,,,,,,0,0
capricorn career march 2022,0,,,,,,0,0
capricorn career may 2022,0,,,,,,0,0
capricorn career monthly horoscope,40,,LOW,2,,,30,50
capricorn career next week,40,,LOW,0,,,20,90
capricorn career november 2022,0,,,,,,0,0
capricorn career november 2022 horoscope,0,,,,,,0,0
capricorn career october 2022,0,,,,,,0,0
capricorn career september 2022,0,,,,,,0,0
capricorn career this month,10,,LOW,0,,,10,30
capricorn career this week,50,,LOW,1,,,30,70
capricorn career today,170,,LOW,0,0.39,,170,210
capricorn daily career,10,,,,,,0,20
capricorn december 2022 career,0,,,,,,0,0
capricorn december 2022 career horoscope,0,,,,,,0,0
capricorn december career horoscope,10,,,,,,0,10
capricorn february 2022 career,,,,,,,,
capricorn february 2022 career horoscope,,,,,,,,
capricorn foreign travel 2022,10,,,,,,0,10
capricorn foreign travel 2023,10,,,,,,0,10
capricorn future career,70,,LOW,0,,,50,110
capricorn future job,10,,,,,,0,10
capricorn health horoscope 2021,0,,,,,,0,0
capricorn horoscope 2022 career predictions,10,,,,,,0,10
capricorn horoscope 2022 for students,0,,,,,,0,0
capricorn horoscope 2022 students,0,,,,,,0,0
capricorn horoscope 2023 career,0,,,,,,0,0
capricorn horoscope april 2022 career,0,,,,,,0,0
capricorn horoscope career 2022,0,,,,,,0,0
capricorn horoscope career 2023,0,,,,,,0,0
capricorn horoscope career next week,10,,LOW,0,,,10,10
capricorn horoscope career this week,70,,LOW,0,,,50,110
capricorn horoscope job,10,,LOW,0,,,10,10
capricorn horoscope july 2022 career,0,,,,,,0,0
capricorn horoscope june 2022 career,0,,,,,,0,0
capricorn horoscope next week career,70,,LOW,0,,,70,90
capricorn horoscope tomorrow for students,50,,LOW,0,,,30,70
capricorn horoscope work,10,,LOW,0,,,10,20
capricorn in 2022 career,0,,,,,,0,0
capricorn in 2023 career,0,,,,,,0,0
capricorn january 2023 career horoscope,0,,,,,,0,0
capricorn job,40,,LOW,0,,,20,50
capricorn job 2022,10,,,,,,0,10
capricorn job career,10,,LOW,0,,,10,20
capricorn job horoscope,10,,LOW,0,,,10,20
capricorn job horoscope 2022,10,,,,,,0,10
capricorn job horoscope 2023,0,,,,,,0,0
capricorn job horoscope today,10,,LOW,0,,,10,20
capricorn july 2022 career,0,,,,,,0,0
capricorn july 2022 career horoscope,0,,,,,,0,0
capricorn july career horoscope,10,,LOW,0,,,10,10
capricorn june 2022 career,0,,,,,,0,0
capricorn june 2022 career horoscope,0,,,,,,0,0
capricorn june career horoscope,10,,,,,,0,20
capricorn march 2022 career,,,,,,,,
capricorn march 2022 career horoscope,0,,,,,,0,0
capricorn march career horoscope,10,,,,,,0,20
capricorn may 2022 career,10,,,,,,0,10
capricorn may 2022 career horoscope,0,,,,,,0,0
capricorn may 2022 horoscope career,0,,,,,,0,0
capricorn may career 2022,0,,,,,,0,0
capricorn may career horoscope,10,,,,,,0,10
capricorn monthly horoscope career 2022,0,,,,,,0,0
capricorn new job 2022,0,,,,,,0,0
capricorn new job 2023,0,,,,,,0,0
capricorn next week career,40,,LOW,0,,,20,90
capricorn november 2022 career horoscope,0,,,,,,0,0
capricorn november career horoscope,10,,,,,,0,10
capricorn october 2022 career,0,,,,,,0,0
capricorn october 2022 career horoscope,0,,,,,,0,0
capricorn october career 2022,0,,,,,,0,0
capricorn profession,260,,LOW,0,0.65,,320,320
capricorn related careers,10,,LOW,0,,,10,10
capricorn september 2022 career,10,,,,,,0,10
capricorn september 2022 career horoscope,0,,,,,,0,0
capricorn september career horoscope,10,,LOW,0,,,10,10
capricorn spiritual,10,,LOW,0,,,10,40
capricorn spiritual daily horoscope,0,,,,,,0,0
capricorn spiritual gifts,10,,,,,,0,10
capricorn spiritual horoscope,10,,,,,,0,10
capricorn student horoscope tomorrow,50,,LOW,0,,,30,70
capricorn students horoscope 2022,10,,,,,,0,10
capricorn students horoscope today,140,,LOW,0,,,70,170
capricorn sun sign daily career horoscope,10,,,,,,0,10
capricorn this month career,10,,LOW,0,,,10,30
capricorn tomorrow career,170,,LOW,0,,,90,390
capricorn woman career,20,,LOW,0,,,10,30
capricorn woman spirituality,10,,,,,,0,10
capricorn work 2022,0,,,,,,0,0
capricorn work horoscope 2022,0,,,,,,0,0
capricorn work horoscope today,880,,LOW,0,,,880,1300
career 2022 horoscope,0,,,,,,0,0
career 2023 capricorn,0,,,,,,0,0
career according to astrology free,10,,MEDIUM,62,0.1,,10,10
career according to birth chart,10,,LOW,0,,,10,20
career according to horoscope,10,,LOW,14,,,10,30
career according to houses in astrology,10,,LOW,0,,,10,10
career according to kundali,30,,MEDIUM,35,0.15,,20,50
career according to kundli,30,,MEDIUM,35,0.15,,20,50
career according to my kundli,10,,HIGH,71,0.14,,10,10
career according to rashi,10,,,,,,0,10
career according to vedic astrology,10,,LOW,0,,,10,10
career according to zodiac sign,40,,LOW,1,,,70,70
career analysis astrology,50,,MEDIUM,33,0.15,,90,90
career analysis astrology free,30,,MEDIUM,35,0.04,,20,50
career analysis in vedic astrology,10,,LOW,0,,,10,10
career analysis through birth chart,10,,LOW,0,,,10,10
career and finance astrology,10,,LOW,0,,,10,10
career and job horoscope by date of birth,10,,,,,,0,10
career and marriage prediction by date of birth,20,,MEDIUM,43,0.33,,30,40
career and money horoscope,20,,LOW,0,,,10,260
career and money horoscope by date of birth,20,,LOW,0,,,10,40
career aquarius 2022,0,,,,,,0,0
career aquarius 2023,10,,,,,,0,10
career aquarius horoscope today,10,,LOW,0,,,10,10
career aries 2022,0,,,,,,0,0
career aries horoscope,10,,LOW,0,,,10,10
career as astrologer,10,,LOW,0,,,10,10
career as per astrology,30,,LOW,16,0.09,,40,50
career as per horoscope,10,,LOW,10,,,10,10
career as per kundali,10,,MEDIUM,43,0.03,,10,10
career as per vedic astrology,10,,LOW,6,,,10,10
career as per zodiac sign,10,,,,,,0,10
career astrologer near me,50,,LOW,23,0.34,,40,70
career astrology 2022,0,,,,,,0,0
career astrology as per date of birth,10,,LOW,0,,,10,10
career astrology based on date of birth,10,,LOW,17,0.01,,10,20
career astrology birth chart,10,,LOW,0,,,10,10
career astrology by date of birth and time,50,,LOW,25,0.25,,70,110
career astrology by date of birth free in hindi,10,,MEDIUM,57,0.01,,10,10
career astrology by date of birth free in marathi,10,,,,,,0,10
career astrology by dob,10,,LOW,0,,,10,30
career astrology by name,10,,,,,,0,10
career astrology free online,30,,LOW,32,0.07,,10,50
career astrology free prediction by date of birth,30,,MEDIUM,44,0.14,,20,40
career astrology free prediction in hindi,10,,LOW,6,,,10,10
career astrology free prediction in tamil,10,,LOW,14,,,10,10
career astrology in hindi,10,,MEDIUM,57,0,,10,10
career astrology in telugu,10,,LOW,0,,,10,10
career astrology malayalam,10,,LOW,32,0.01,,10,10
career astrology online,30,,MEDIUM,41,0.98,,20,50
career astrology online free,10,,MEDIUM,36,0.01,,10,20
career astrology prediction free,10,,MEDIUM,37,0.05,,30,30
career astrology reading free,10,,,,,,0,10
career astrology tamil,10,,,,,,0,10
career astrology telugu,10,,HIGH,71,0.01,,10,10
career astrology vedic,50,,LOW,10,0.25,,70,70
career based on astrology,20,,LOW,30,0.18,,20,40
career based on astrology chart,10,,,,,,0,10
career based on date of birth,170,,LOW,29,0.2,,90,260
career based on date of birth and time,10,,MEDIUM,43,0.03,,10,10
career based on horoscope,10,,HIGH,86,,,10,10
career based on horoscopes,10,,HIGH,86,,,10,10
career based on kundli,10,,,,,,0,10
career based on natal chart,10,,LOW,0,,,10,10
career based on zodiac,10,,LOW,0,,,10,10
career based on zodiac sign,40,,LOW,1,,,70,70
career birth chart reading,10,,LOW,0,,,10,10
career by astrology chart,10,,LOW,2,,,10,10
career by birth chart,10,,,,,,0,20
career by birth date and time,10,,,,,,0,10
career by date of birth and time free,10,,MEDIUM,37,0.1,,10,50
career by date of birth and time in hindi,10,,,,,,0,10
career by date of birth free,10,,MEDIUM,57,0.03,,10,10
career by kundali,20,,LOW,30,0.01,,10,30
career by kundli,10,,LOW,21,0.03,,10,20
career by zodiac sign,70,,LOW,0,,,40,170
career capricorn 2022,0,,,,,,0,0
career capricorn 2023,0,,,,,,0,0
career capricorn horoscope,210,,LOW,1,,,210,260
career chart in astrology,90,,LOW,0,,,90,110
career consultation vedic astrology,10,,LOW,0,,,10,10
career d10 chart analysis,10,,LOW,0,,,10,10
career daily horoscope,880,,LOW,1,0.25,,880,1000
career date of birth,90,,LOW,21,0.09,,70,140
career finder astrology,20,,LOW,10,0.01,,20,20
career for aquarius 2022,0,,,,,,0,0
career for aquarius 2023,0,,,,,,0,0
career for aries in 2022,10,,,,,,0,10
career for aries in 2023,0,,,,,,0,0
career for capricorn 2022,0,,,,,,0,0
career for capricorn 2023,0,,,,,,0,0
career for capricorn today,90,,LOW,1,,,110,170
career for gemini,6600,,LOW,0,0.41,,4400,18100
career for gemini in 2022,0,,,,,,0,0
career for gemini woman,30,,LOW,0,,,20,90
career for libra,170,,LOW,0,,,210,260
career for libra in 2022,0,,,,,,0,0
career for libra woman,20,,LOW,0,,,10,40
career for pisces 2023,10,,,,,,0,10
career for sagittarius,140,,LOW,0,,,110,170
career for sagittarius 2022,0,,,,,,0,0
career for sagittarius 2023,10,,,,,,0,10
career for sagittarius woman,20,,LOW,0,,,10,20
career for scorpio woman,20,,LOW,0,,,20,30
career for virgo,170,,LOW,0,,,110,210
career forecast as per date of birth,10,,,,,,0,10
career forecast astrology,10,,HIGH,86,0.99,,10,10
career forecast by date of birth,590,,MEDIUM,37,0.13,,590,720
career fortune by date of birth,10,,MEDIUM,43,0.01,,10,10
career free prediction,10,,LOW,5,,,10,10
career from birth chart,10,,LOW,0,,,10,10
career from kundali,20,,LOW,10,,,10,30
career future prediction free,10,,LOW,2,,,10,20
career gemini 2022,10,,,,,,0,10
career gemini horoscope,70,,LOW,0,,,90,110
career guidance astrology,40,,LOW,31,0.24,,90,90
career horoscope 2018,0,,,,,,0,0
career horoscope 2021,10,,,,,,0,10
career horoscope 2022,10,,,,,,0,10
career horoscope 2022 aquarius,0,,,,,,0,0
career horoscope 2022 aries,0,,,,,,0,0
career horoscope 2022 by date of birth,10,,,,,,0,10
career horoscope 2022 capricorn,0,,,,,,0,0
career horoscope 2022 gemini,0,,,,,,0,0
career horoscope 2022 libra,0,,,,,,0,0
career horoscope 2022 sagittarius,0,,,,,,0,0
career horoscope 2022 taurus,0,,,,,,0,0
career horoscope 2022 virgo,0,,,,,,0,0
career horoscope 2023 capricorn,0,,,,,,0,0
career horoscope 2023 gemini,0,,,,,,0,0
career horoscope 2023 libra,10,,,,,,0,10
career horoscope 2023 sagittarius,0,,,,,,0,0
career horoscope according to date of birth,590,,MEDIUM,37,0.13,,590,720
career horoscope april 2022,0,,,,,,0,0
career horoscope aquarius 2022,0,,,,,,0,0
career horoscope aquarius 2023,0,,,,,,0,0
career horoscope aries 2022,0,,,,,,0,0
career horoscope as per date of birth,10,,MEDIUM,60,0.03,,10,10
career horoscope august 2022,0,,,,,,0,0
career horoscope based on date of birth,590,,MEDIUM,37,0.13,,590,720
career horoscope by birth date and time,10,,LOW,29,0.02,,10,10
career horoscope by date of birth and time,50,,LOW,25,0.25,,70,110
career horoscope by date of birth free online,10,,MEDIUM,38,0.03,,10,20
career horoscope by date of birth in hindi,10,,LOW,0,,,10,10
career horoscope by dob,10,,LOW,23,0.09,,10,20
career horoscope by name,10,,LOW,14,,,10,10
career horoscope by name and date of birth,10,,LOW,0,,,10,10
career horoscope capricorn 2022,0,,,,,,0,0
career horoscope capricorn 2023,0,,,,,,0,0
career horoscope capricorn today,20,,LOW,0,,,10,50
career horoscope december 2022,10,,,,,,0,10
career horoscope feb 2022,0,,,,,,0,0
career horoscope february 2022,0,,,,,,0,0
career horoscope for 2022,0,,,,,,0,0
career horoscope for 2023,0,,,,,,0,0
career horoscope for aquarius 2022,10,,,,,,0,10
career horoscope for aries 2022,10,,,,,,0,10
career horoscope for capricorn 2022,0,,,,,,0,0
career horoscope for capricorn today,10,,LOW,0,,,10,10
career horoscope for gemini 2022,0,,,,,,0,0
career horoscope for leo this week,210,,LOW,0,,,320,320
career horoscope for leo tomorrow,10,,LOW,0,,,10,10
career horoscope for libra,390,,LOW,0,,,390,480
career horoscope for libra 2022,0,,,,,,0,0
career horoscope for pisces,320,,LOW,0,,,720,720
career horoscope for pisces this month,40,,LOW,0,,,40,110
career horoscope for sagittarius,210,,LOW,1,,,260,260
career horoscope for sagittarius 2022,0,,,,,,0,0
career horoscope for sagittarius today and tomorrow,10,,LOW,0,,,10,10
career horoscope for sagittarius tomorrow,10,,LOW,0,,,10,10
career horoscope for scorpio,260,,LOW,0,,,320,320
career horoscope for scorpio 2023,10,,,,,,0,10
career horoscope for scorpio today,1000,,LOW,0,0.82,,1300,1300
career horoscope for today,880,,LOW,1,0.25,,880,1000
career horoscope for tomorrow,210,,LOW,1,,,110,320
career horoscope for virgo,260,,LOW,1,,,260,320
career horoscope for virgo 2022,0,,,,,,0,0
career horoscope for virgo this week,390,,LOW,0,0.36,,390,590
career horoscope ganeshaspeaks,10,,LOW,0,,,10,10
career horoscope gemini 2022,0,,,,,,0,0
career horoscope gemini 2023,0,,,,,,0,0
career horoscope in hindi,10,,LOW,5,,,10,20
career horoscope in marathi,10,,LOW,7,,,10,10
career horoscope in tamil,10,,LOW,0,,,10,10
career horoscope january 2022,0,,,,,,0,0
career horoscope january 2023,10,,,,,,0,10
career horoscope july,10,,,,,,0,10
career horoscope july 2022,0,,,,,,0,0
career horoscope june,10,,,,,,0,10
career horoscope june 2022,0,,,,,,0,0
career horoscope leo,320,,LOW,1,0,,260,480
career horoscope leo 2023,10,,,,,,0,10
career horoscope libra 2022,0,,,,,,0,0
career horoscope libra 2023,0,,,,,,0,0
career horoscope libra today,10,,LOW,0,,,10,20
career horoscope malayalam,10,,LOW,0,,,10,20
career horoscope malayalam free,10,,,,,,0,10
career horoscope march 2022,0,,,,,,0,0
career horoscope may 2022,0,,,,,,0,0
career horoscope monthly,50,,LOW,6,0.03,,40,70
career horoscope moon sign,10,,MEDIUM,57,,,10,20
career horoscope next week,40,,LOW,0,,,40,70
career horoscope november,10,,,,,,0,20
career horoscope november 2022,10,,,,,,0,10
career horoscope october 2022,0,,,,,,0,0
career horoscope online,20,,MEDIUM,63,,,10,40
career horoscope pisces 2023,0,,,,,,0,0
career horoscope pisces today,20,,LOW,0,,,20,50
career horoscope prediction,50,,MEDIUM,39,0.23,,40,70
career horoscope prediction by date of birth,10,,LOW,32,0.24,,10,20
career horoscope reading,10,,LOW,0,,,10,10
career horoscope sagittarius 2022,10,,,,,,0,10
career horoscope sagittarius 2023,10,,,,,,0,10
career horoscope sagittarius today,20,,LOW,0,,,30,30
career horoscope scorpio 2021,0,,,,,,0,0
career horoscope scorpio today,10,,LOW,0,,,10,20
career horoscope september,10,,LOW,0,,,10,10
career horoscope september 2022,10,,,,,,0,10
career horoscope tamil,10,,LOW,0,,,10,10
career horoscope taurus,320,,LOW,1,,,320,480
career horoscope taurus 2022,0,,,,,,0,0
career horoscope taurus 2023,0,,,,,,0,0
career horoscope this week,480,,LOW,1,,,320,1600
career horoscope vedic astrology,10,,,,,,0,10
career horoscope virgo 2022,0,,,,,,0,0
career horoscope virgo 2023,0,,,,,,0,0
career horoscope with date of birth,10,,HIGH,71,0.24,,10,10
career horoscope yearly,10,,LOW,4,,,10,10
career horoscopes 2022,0,,,,,,0,0
career houses astrology,10,,LOW,0,,,10,10
career in acting astrology,10,,LOW,0,,,10,10
career in astrology chart,10,,LOW,0,,,10,10
career in birth chart,10,,LOW,0,,,10,10
career in film industry astrology,10,,LOW,0,,,10,10
career in finance astrology,10,,LOW,0,,,10,10
career in kp astrology,10,,LOW,1,,,20,20
career in kundali,590,,MEDIUM,40,0.1,,480,720
career in kundli hindi,10,,LOW,0,,,10,10
career in natal chart,70,,LOW,0,,,320,320
career in politics astrology,50,,LOW,3,0.05,,30,90
career in sports astrology,10,,LOW,0,,,10,10
career jyotish,20,,LOW,32,0.36,,20,30
career jyotish free,10,,,,,,0,10
career kp astrology,10,,LOW,0,,,10,10
career kundali by date of birth,70,,LOW,27,0.05,,40,110
career kundali by date of birth in hindi,10,,MEDIUM,64,0.22,,10,20
career kundali free online,50,,MEDIUM,42,0.05,,90,140
career kundali free online in hindi,20,,LOW,26,0.01,,20,50
career kundali in hindi,10,,LOW,10,,,10,20
career kundali in marathi,10,,,,,,0,10
career kundali online,10,,MEDIUM,36,0.1,,10,10
career kundali online free,10,,LOW,21,,,10,10
career kundli by date of birth,50,,MEDIUM,39,0.17,,20,90
career kundli free,90,,MEDIUM,40,0.1,,70,110
career kundli free online,10,,,,,,0,10
career kundli in hindi,10,,MEDIUM,43,0.03,,10,10
career kundli online,10,,HIGH,71,0.14,,10,30
career kundli prediction,20,,MEDIUM,53,0.26,,50,50
career libra 2022,10,,,,,,0,10
career libra 2023,0,,,,,,0,0
career libra horoscope,390,,LOW,0,,,390,480
career life astrology,10,,MEDIUM,39,0.04,,10,10
career life horoscope,10,,LOW,29,,,10,10
career life prediction by date of birth,10,,LOW,24,0.08,,20,20
career natal chart free,0,,,,,,0,0
career of aquarius,10,,LOW,4,,,10,10
career of aquarius in 2022,10,,,,,,0,10
career of cancer zodiac,10,,LOW,0,,,10,10
career of capricorn,170,,LOW,1,,,140,210
career of gemini in 2022,0,,,,,,0,0
career of sagittarius 2022,0,,,,,,0,0
career opportunities in astrology,10,,LOW,0,,,10,10
career pisces,170,,LOW,0,,,110,210
career pisces 2023,10,,,,,,0,10
career pisces horoscope,320,,LOW,0,,,720,720
career placements astrology,10,,LOW,7,,,10,10
career prediction 2022,10,,,,,,0,10
career prediction 2022 by date of birth,0,,,,,,0,0
career prediction according to date of birth,590,,MEDIUM,37,0.13,,590,720
career prediction as per date of birth,2400,,LOW,29,0.17,,2400,2400
career prediction based on date of birth,2400,,LOW,29,0.17,,2400,2400
career prediction by date of birth and time,50,,LOW,25,0.25,,70,110
career prediction by date of birth and time free,50,,LOW,12,0.05,,70,90
career prediction by date of birth astrology,10,,,,,,0,10
career prediction by date of birth free online,20,,MEDIUM,34,0.78,,10,30
career prediction by date of birth in hindi,10,,LOW,21,0.07,,10,20
career prediction by date of birth in tamil,10,,LOW,0,,,10,10
career prediction by dob,590,,MEDIUM,37,0.13,,590,720
career prediction by dob free,10,,LOW,22,0.01,,10,20
career prediction by kundali,170,,MEDIUM,43,0.14,,110,210
career prediction by kundli,170,,MEDIUM,43,0.14,,110,210
career prediction by numerology,40,,LOW,21,0.11,,50,70
career prediction for aquarius 2022,10,,,,,,0,10
career prediction free based on date of birth,0,,,,,,0,0
career prediction free online,10,,LOW,19,0.06,,10,10
career prediction from kundali,10,,MEDIUM,43,,,10,10
career prediction horoscope,20,,LOW,7,0.19,,20,30
career prediction in hindi,10,,LOW,0,,,10,10
career prediction in vedic astrology,320,,LOW,4,0.03,,1000,1000
career prediction online,10,,MEDIUM,57,0.13,,10,10
career prediction through astrology,10,,LOW,17,0.18,,10,30
career prediction vedic astrology,320,,LOW,4,0.03,,1000,1000
career problem solution astrologer,10,,LOW,0,,,10,10
career problem solution by astrology,20,,LOW,7,,,20,30
career rashifal 2022,10,,,,,,0,10
career rashifal by date of birth,10,,MEDIUM,35,0.19,,10,10
career rashifal today,30,,LOW,0,,,50,50
career reading astrology free,10,,HIGH,86,0.06,,10,20
career reading by date of birth,10,,MEDIUM,36,0.04,,10,10
career related astrology,20,,MEDIUM,40,0.08,,10,30
career related horoscope,10,,HIGH,81,,,10,10
career sagittarius 2022,10,,,,,,0,10
career sagittarius 2023,10,,,,,,0,10
career scorpio,210,,LOW,0,,,170,260
career scorpio 2023,10,,,,,,0,10
career scorpio horoscope,260,,LOW,0,,,320,320
career taurus,170,,LOW,0,,,170,210
career through astrology,40,,LOW,18,0.13,,30,50
career through astrology free,10,,,,,,0,10
career through d10 chart,10,,LOW,0,,,10,10
career through kundli,10,,MEDIUM,43,,,10,10
career vedic astrology free,10,,LOW,20,0.07,,10,10
career virgo 2022,0,,,,,,0,0
career virgo 2023,0,,,,,,0,0
career zodiac,40,,LOW,0,,,30,70
careers based on astrology,10,,,,,,0,10
careers based on birth chart,10,,LOW,0,,,10,10
careers based on zodiac sign,40,,LOW,1,,,70,70
careers for a gemini woman,30,,LOW,0,,,20,90
careers for a sagittarius woman,20,,LOW,0,,,10,20
careers for aries female,10,,LOW,0,,,10,20
careers for capricorn man,10,,LOW,0,,,10,10
careers for gemini rising,10,,,,,,0,10
careers for pisces woman,10,,LOW,0,,,10,20
careers for sagittarius female,10,,,,,,0,10
careers for virgo woman,10,,LOW,0,,,10,10
center for new age horoscopes,10,,,,,,0,10
chances of settling abroad astrology,10,,LOW,29,,,10,10
chandra graha mantra,390,,LOW,0,,,320,1000
chandra graha mantra in telugu,210,,LOW,0,,,110,590
chandra graha shanti mantra,30,,LOW,0,,,30,140
chandra ketu yuti lal kitab,10,,LOW,0,,,10,10
chandra mahadasha rahu antardasha remedies,10,,LOW,2,,,10,10
chandra mangal dosha remedies,10,,LOW,0,,,10,10
chandra rahu grahan yoga remedy,10,,,,,,0,10
check foreign travel astrology online,10,,HIGH,71,0.06,,10,10
check kundli for foreign settlement,20,,LOW,24,0.13,,30,30
chinese astrology career prediction,10,,LOW,4,,,10,10
chinese zodiac career,10,,LOW,0,,,10,10
chinnamasta mantra for rahu,90,,LOW,0,,,40,140
click astro career,10,,LOW,24,0.38,,10,20
co star astrology careers,10,,LOW,0,,,10,10
co star astrology jobs,10,,LOW,0,,,10,10
cogniastro,10,,LOW,6,,,10,20
combust mars remedy,50,,LOW,0,,,40,70
combust venus remedies,140,,LOW,0,,,90,170
common wall for pooja room and bathroom remedies,50,,LOW,1,,,50,90
computer career astrology,0,,,,,,0,0
computer programmer astrology,10,,,,,,0,10
copper helix vastu,390,,HIGH,99,0.05,,590,590
copper wire for vastu,110,,HIGH,97,0.05,,140,170
copper wire remedy for vastu defects,50,,LOW,28,0.01,,70,70
copper wire vastu,30,,HIGH,100,0.02,,20,50
costar astrology jobs,10,,,,,,0,10
costarastrology jobs,10,,,,,,0,10
crystal tortoise vastu benefits,70,,HIGH,74,0.15,,50,110
cut in north east corner of house remedies,10,,LOW,0,,,10,10
d10 chart in tamil,10,,LOW,0,,,10,10
daily astrology spiritual,0,,,,,,0,0
daily career capricorn horoscope,110,,LOW,0,,,70,320
daily career gemini horoscope,10,,,,,,0,10
daily career horoscope for gemini,110,,LOW,0,,,70,140
daily career horoscope leo,1300,,LOW,0,,,1000,1600
daily career horoscope libra,10,,LOW,0,,,20,20
daily career horoscope pisces,1000,,LOW,0,0.24,,1300,1300
daily career horoscope sagittarius,1000,,LOW,0,,,1000,1600
daily career horoscope scorpio,10,,LOW,1,,,30,30
daily career horoscope taurus,110,,LOW,0,,,50,140
daily career horoscope virgo,1300,,LOW,0,0.28,,1300,1600
daily career taurus horoscope,0,,,,,,0,0
daily horoscope job,10,,LOW,0,,,10,10
daily horoscope scorpio work,10,,,,,,0,10
daily horoscope work,10,,LOW,0,,,10,10
daily job horoscope,880,,LOW,1,0.25,,880,1000
daily spiritual horoscope,0,,,,,,0,0
daily virgo career,10,,LOW,0,,,10,10
dainya yoga remedies,10,,LOW,0,,,10,10
dakshin mukhay yantra with bhaum yantra,10,,,,,,0,10
daridra yoga remedies,50,,LOW,1,,,70,90
dashmansh kundali prediction,10,,LOW,17,0.08,,10,10
dashmansh kundli analysis in hindi,10,,,,,,0,10
date of birth career prediction,30,,LOW,27,0.16,,40,40
debilitated jupiter remedies,70,,LOW,1,,,50,90
debilitated mars remedies,30,,LOW,1,,,20,40
debilitated mercury remedies,70,,LOW,0,,,70,90
debilitated sun remedies,50,,LOW,0,,,50,90
debilitated venus remedies,90,,LOW,1,,,110,140
december 2022 career horoscope,0,,,,,,0,0
december career horoscope,10,,,,,,0,10
december career horoscope 2022,10,,,,,,0,10
detailed career horoscope,10,,HIGH,86,0.27,,10,10
dhanu rashi career,70,,LOW,0,,,50,90
dhanu rashi career horoscope 2022,10,,,,,,0,10
dhanu rashi government job,10,,LOW,0,,,20,20
dhanu rashi job career 2022,0,,,,,,0,0
dhanu rashi job career 2023,0,,,,,,0,0
dhumavati mantra for ketu,10,,LOW,0,,,10,10
diagonal house vastu remedies,10,,,,,,0,10
dragon career horoscope 2022,0,,,,,,0,0
dragon horoscope 2021 career,0,,,,,,0,0
dragon horoscope 2022 career,,,,,,,,
dream job based on your zodiac sign,0,,,,,,0,0
durga mantra for rahu,210,,LOW,0,,,260,320
durga mantra for rahu kalam,10,,LOW,0,,,10,10
e1 entrance vastu remedies,50,,LOW,3,,,40,70
e5 entrance vastu remedies,50,,LOW,0,,,40,70
e6 entrance vastu remedies,40,,LOW,3,,,30,70
east bedroom vastu remedy,10,,,,,,0,10
east cut vastu remedies,20,,LOW,21,,,20,30
east facing house toilet vastu,110,,LOW,0,,,210,210
east kitchen vastu remedies,20,,LOW,0,,,20,30
east south bedroom vastu,30,,LOW,0,,,30,50
east staircase vastu remedy,10,,LOW,0,,,10,20
east toilet vastu remedies,90,,LOW,24,0.49,,90,110
east vastu dosh and remedies,10,,LOW,7,,,10,10
easy remedies for rahu,10,,LOW,2,,,10,10
education and career astrology,10,,LOW,16,0.02,,10,10
education career astrology,10,,,,,,0,10
effects of evil eye and its remedies,10,,,,,,0,10
encyclopedia of vedic astrology remedies,10,,MEDIUM,45,0.03,,10,20
encyclopedia of vedic astrology remedies pdf,20,,LOW,0,,,10,30
entrance south west vastu,2400,,LOW,1,0.31,,1900,2900
evil eye cure,210,,LOW,8,0.01,,210,390
evil eye effects remedies,10,,LOW,14,,,10,10
evil eye home remedies,50,,LOW,28,0.02,,50,90
evil eye protection home remedies,10,,MEDIUM,43,0.14,,10,10
evil eye removal home remedies,10,,LOW,0,,,10,20
exact career prediction,10,,MEDIUM,50,0.02,,10,10
extended south west vastu,10,,LOW,2,,,10,10
extension in south west vastu,90,,LOW,1,,,70,140
february 2022 career horoscope,0,,,,,,0,0
february career horoscope,10,,,,,,0,10
february career horoscope 2022,0,,,,,,0,0
february career horoscope 2023,0,,,,,,0,0
feng shui remedy for bathroom in southeast,10,,LOW,0,,,10,10
feng shui remedy for toilet in north east,20,,LOW,2,,,10,50
find career through astrology,10,,LOW,29,,,10,10
find my career astrology,10,,MEDIUM,48,1.35,,10,10
find your career through astrology,10,,MEDIUM,57,0.02,,10,10
for rahu remedy,10,,LOW,1,,,10,20
foreign astrology,50,,LOW,12,0.19,,70,70
foreign chances in astrology,10,,LOW,0,,,10,10
foreign job astrology,10,,LOW,6,,,20,20
foreign job in astrology,20,,LOW,0,,,20,50
foreign job prediction by date of birth,10,,MEDIUM,36,0.11,,10,10
foreign job prediction free,10,,,,,,0,10
foreign opportunity astrology,10,,LOW,2,,,10,10
foreign settlement after marriage astrology,70,,LOW,5,0.38,,90,90
foreign settlement after marriage in astrology,10,,,,,,0,10
foreign settlement astrology by date of birth,10,,LOW,11,0.01,,10,10
foreign settlement astrology in hindi,10,,LOW,0,,,10,20
foreign settlement horoscope,10,,LOW,0,,,10,10
foreign settlement in birth chart,10,,LOW,0,,,10,20
foreign settlement in horoscope,10,,LOW,0,,,10,10
foreign settlement in kundali,10,,LOW,2,,,10,30
foreign settlement in vedic astrology,10,,LOW,0,,,10,10
foreign settlement kundli,10,,LOW,0,,,10,20
foreign settlement vedic astrology,10,,LOW,3,,,10,20
foreign tour astrology,10,,LOW,0,,,10,10
foreign travel after marriage astrology,10,,LOW,0,,,10,20
foreign travel and settlement in astrology,10,,LOW,0,,,10,30
foreign travel astrology by date of birth,40,,LOW,20,0.05,,30,50
foreign travel astrology by date of birth calculator,10,,LOW,14,,,10,10
foreign travel astrology by date of birth free,10,,,,,,0,10
foreign travel astrology by date of birth in hindi,10,,,,,,0,10
foreign travel astrology calculator free,40,,LOW,10,0.02,,40,90
foreign travel astrology prediction,10,,,,,,0,10
foreign travel based on date of birth,10,,,,,,0,10
foreign travel calculator by date of birth,10,,LOW,0,,,10,30
foreign travel horoscope,10,,LOW,0,,,10,10
foreign travel horoscope 2022,0,,,,,,0,0
foreign travel horoscope by date of birth,10,,LOW,21,0.04,,10,20
foreign travel house astrology,10,,LOW,0,,,10,20
foreign travel in kundli,10,,LOW,5,,,10,10
foreign travel in vedic astrology,10,,LOW,0,,,20,40
foreign travel kundali prediction,10,,LOW,4,,,10,10
foreign travel numerology,10,,LOW,0,,,10,10
foreign travel prediction,10,,LOW,0,,,10,30
foreign travel prediction by date of birth,20,,LOW,17,0.1,,30,50
foreign travel prediction by date of birth and time,0,,,,,,0,0
foreign travel prediction by date of birth and time free,10,,,,,,0,10
foreign travel prediction by numerology,10,,,,,,0,10
foreign trip astrology,140,,LOW,2,0.06,,110,170
free accurate career prediction,10,,,,,,0,10
free astrology career reading,10,,LOW,2,0.04,,10,40
free astrology for job,90,,MEDIUM,39,0.21,,70,110
free astrology in telugu about career,10,,MEDIUM,40,0.02,,10,20
free astrology job prediction,20,,LOW,26,0.04,,50,50
free astrology predictions for career in hindi,10,,,,,,0,10
free astrology predictions for career in tamil,10,,LOW,14,0.11,,10,10
free birth chart career analysis,10,,LOW,0,,,10,10
free business astrology predictions,0,,,,,,0,0
free business horoscope by date of birth,10,,LOW,29,0.01,,10,10
free career astro,170,,MEDIUM,35,0.14,,170,170
free career chart astrology,10,,LOW,14,,,10,10
free career horoscope 2021 by date of birth,0,,,,,,0,0
free career horoscope 2022 by date of birth,0,,,,,,0,0
free career horoscope malayalam,10,,LOW,24,0.09,,10,10
free career horoscope online,10,,MEDIUM,43,0.04,,10,20
free career kundali reading,10,,,,,,0,10
free career kundli,10,,LOW,29,0.01,,10,20
free career prediction by date of birth in hindi,10,,,,,,0,10
free career prediction by kundali,30,,MEDIUM,34,0.07,,30,40
free career reading by date of birth,10,,LOW,29,,,10,10
free daily career horoscope,10,,LOW,0,,,10,10
free foreign travel astrology calculator,10,,LOW,4,,,10,30
free future career prediction by date of birth,10,,LOW,0,,,10,20
free govt job prediction by date of birth,320,,LOW,26,0.36,,170,390
free govt job prediction by date of birth in hindi,30,,LOW,20,0.02,,10,90
free horoscope career future predictions,10,,LOW,4,,,10,10
free horoscope career reading,10,,,,,,0,10
free indian career astrology by date of birth,10,,,,,,0,10
free job astrology by date of birth,260,,MEDIUM,36,0.12,,320,480
free job horoscope,10,,MEDIUM,54,0.06,,10,10
free job horoscope by date of birth,260,,MEDIUM,36,0.12,,320,480
free job prediction by date of birth and time,10,,MEDIUM,45,0.08,,10,10
free job prediction by kundali,10,,,,,,0,10
free kundali reading for career,10,,MEDIUM,36,0.01,,10,20
free kundali reading for career in hindi,10,,MEDIUM,36,0.03,,10,10
free kundli analysis for career,40,,MEDIUM,55,0.04,,40,70
free kundli career,10,,MEDIUM,48,0.06,,10,10
free kundli career prediction,30,,MEDIUM,34,0.07,,30,40
free kundli prediction for job,10,,MEDIUM,62,0.06,,10,10
free leo daily career horoscope,10,,,,,,0,10
free online astrology prediction for career,20,,LOW,32,0.11,,40,50
free online career prediction by date of birth and time,10,,MEDIUM,43,0.03,,10,10
free online jathakam in telugu for job,10,,,,,,0,10
free online kundli for career in hindi,10,,MEDIUM,49,0.14,,10,10
free personal career horoscope,10,,MEDIUM,38,0.12,,10,10
free prediction for career by birth date,10,,MEDIUM,37,0.15,,10,10
free spiritual horoscope,10,,,,,,0,10
free telugu jathakam for job,10,,LOW,29,0.02,,10,10
free vedic astrology career prediction,40,,MEDIUM,37,0.22,,30,90
free weekly career horoscope,0,,,,,,0,0
free work horoscope,10,,,,,,0,10
freelance astrologer,20,,LOW,0,,,10,40
future career based on birth chart,10,,,,,,0,10
future career horoscope,10,,LOW,2,,,10,10
future career horoscope by date of birth,10,,LOW,4,0.47,,10,10
future career prediction astrology,10,,LOW,0,,,10,10
future career prediction by date of birth,20,,LOW,0,,,10,30
future career prediction by date of birth and time free,10,,LOW,0,,,10,10
future career prediction by date of birth free,40,,LOW,3,,,40,70
future job astrology,10,,LOW,14,0.01,,10,30
future job horoscope,10,,LOW,5,0.01,,10,10
future job prediction by date of birth,50,,LOW,22,0.13,,70,90
ganesha speaks career horoscope,30,,LOW,3,,,30,110
garage in north east vastu remedy,10,,LOW,2,,,10,10
gemini 2021 career horoscope,0,,,,,,0,0
gemini 2022 career,0,,,,,,0,0
gemini 2022 career horoscope,10,,,,,,0,10
gemini 2022 career predictions,0,,,,,,0,0
gemini 2022 horoscope career,0,,,,,,0,0
gemini 2023 career,0,,,,,,0,0
gemini 2023 career horoscope,0,,,,,,0,0
gemini 2023 horoscope career,0,,,,,,0,0
gemini 2023 horoscope for students,0,,,,,,0,0
gemini abroad travel horoscope 2022,0,,,,,,0,0
gemini and spirituality,50,,LOW,0,,,20,210
gemini april 2022 career horoscope,0,,,,,,0,0
gemini april career horoscope,10,,,,,,0,20
gemini april career horoscope 2022,0,,,,,,0,0
gemini august 2022 career horoscope,0,,,,,,0,0
gemini august 2022 horoscope career,0,,,,,,0,0
gemini august career horoscope,10,,LOW,2,,,30,50
gemini august career horoscope 2022,0,,,,,,0,0
gemini business horoscope,10,,,,,,0,20
gemini business horoscope today,10,,LOW,0,,,30,30
gemini career 2022,0,,,,,,0,0
gemini career 2022 horoscope,0,,,,,,0,0
gemini career 2023,10,,,,,,0,10
gemini career 2023 horoscope,10,,,,,,0,10
gemini career april 2022,10,,,,,,0,10
gemini career august 2022,0,,,,,,0,0
gemini career daily,10,,,,,,0,10
gemini career december 2022,0,,,,,,0,0
gemini career february 2022,0,,,,,,0,0
gemini career february 2023,0,,,,,,0,0
gemini career horoscope 2021,10,,,,,,0,10
gemini career horoscope 2022,10,,,,,,0,10
gemini career horoscope 2022 august,0,,,,,,0,0
gemini career horoscope 2022 ganeshaspeaks,10,,,,,,0,10
gemini career horoscope 2022 september,10,,,,,,0,10
gemini career horoscope 2023,10,,,,,,0,10
gemini career horoscope april 2022,0,,,,,,0,0
gemini career horoscope august 2022,0,,,,,,0,0
gemini career horoscope december 2022,10,,,,,,0,10
gemini career horoscope february 2022,0,,,,,,0,0
gemini career horoscope for today,110,,LOW,0,,,70,140
gemini career horoscope for tomorrow,720,,LOW,0,,,590,1000
gemini career horoscope january 2022,0,,,,,,0,0
gemini career horoscope january 2023,10,,,,,,0,10
gemini career horoscope july,10,,,,,,0,10
gemini career horoscope july 2022,10,,,,,,0,10
gemini career horoscope june 2022,0,,,,,,0,0
gemini career horoscope march 2022,0,,,,,,0,0
gemini career horoscope may 2022,0,,,,,,0,0
gemini career horoscope monthly,50,,LOW,1,,,50,90
gemini career horoscope next month,20,,LOW,0,,,10,70
gemini career horoscope next week,140,,LOW,1,,,90,260
gemini career horoscope november 2022,10,,,,,,0,10
gemini career horoscope october 2022,10,,,,,,0,10
gemini career horoscope september 2022,10,,,,,,0,10
gemini career horoscope this month,50,,LOW,1,,,50,90
gemini career horoscope this week,480,,LOW,0,,,320,590
gemini career horoscope today ganeshaspeaks,20,,LOW,0,,,20,30
gemini career horoscope tomorrow elle,10,,LOW,0,,,10,10
gemini career horoscope tomorrow truthstar,10,,,,,,0,10
gemini career in 2022,0,,,,,,0,0
gemini career in 2023,0,,,,,,0,0
gemini career july 2022,0,,,,,,0,0
gemini career june 2022,0,,,,,,0,0
gemini career march 2022,0,,,,,,0,0
gemini career may 2022,0,,,,,,0,0
gemini career monthly horoscope,50,,LOW,1,,,50,90
gemini career next week,10,,LOW,0,,,10,20
gemini career november 2022,0,,,,,,0,0
gemini career october 2022,0,,,,,,0,0
gemini career september 2022,10,,,,,,0,10
gemini career this week,20,,LOW,0,,,10,30
gemini career today,50,,LOW,0,,,30,140
gemini career tomorrow,10,,LOW,0,,,10,40
gemini careers astrology,20,,LOW,2,,,30,40
gemini careers to avoid,0,,,,,,0,0
gemini daily work horoscope,10,,LOW,1,,,10,10
gemini december 2022 career horoscope,10,,,,,,0,10
gemini december career horoscope,10,,,,,,0,20
gemini february 2022 career,,,,,,,,
gemini february 2022 career horoscope,0,,,,,,0,0
gemini february career horoscope,10,,,,,,0,10
gemini foreign travel horoscope 2022,10,,,,,,0,10
gemini foreign travel horoscope 2023,10,,,,,,0,10
gemini future job,10,,LOW,0,,,10,10
gemini horoscope 2021 career predictions,0,,,,,,0,0
gemini horoscope 2022 career,0,,,,,,0,0
gemini horoscope 2022 career predictions,0,,,,,,0,0
gemini horoscope 2023 career,10,,,,,,0,10
gemini horoscope 2023 students,0,,,,,,0,0
gemini horoscope august 2022 career,0,,,,,,0,0
gemini horoscope career 2022,0,,,,,,0,0
gemini horoscope career 2023,0,,,,,,0,0
gemini horoscope career next week,10,,LOW,0,,,10,10
gemini horoscope career september 2022,0,,,,,,0,0
gemini horoscope career this week,10,,LOW,0,,,10,10
gemini horoscope for 2022 career,0,,,,,,0,0
gemini horoscope job,10,,LOW,0,,,10,10
gemini horoscope june 2022 career,0,,,,,,0,0
gemini horoscope monthly career,50,,LOW,1,,,50,90
gemini horoscope october 2022 career,0,,,,,,0,0
gemini horoscope september 2022 career,10,,,,,,0,10
gemini horoscope tomorrow for students,40,,LOW,0,,,20,70
gemini horoscope work,70,,LOW,0,,,90,110
gemini january 2023 career horoscope,10,,,,,,0,10
gemini job horoscope,2400,,LOW,0,0.39,,1600,9900
gemini job horoscope 2022,10,,,,,,0,10
gemini job horoscope 2023,10,,,,,,0,10
gemini jobs astrology,10,,LOW,0,,,10,50
gemini july 2022 career horoscope,0,,,,,,0,0
gemini july career horoscope,10,,LOW,0,,,10,20
gemini july career horoscope 2022,0,,,,,,0,0
gemini june 2022 career,,,,,,,,
gemini june 2022 career horoscope,0,,,,,,0,0
gemini june career horoscope,10,,LOW,0,,,10,20
gemini june career horoscope 2022,0,,,,,,0,0
gemini march 2022 career horoscope,0,,,,,,0,0
gemini march career horoscope,10,,,,,,0,10
gemini march career horoscope 2022,0,,,,,,0,0
gemini may 2022 career,,,,,,,,
gemini may 2022 career horoscope,0,,,,,,0,0
gemini may career horoscope,10,,,,,,0,10
gemini may career horoscope 2022,0,,,,,,0,0
gemini monkey horoscope 2022,0,,,,,,0,0
gemini monthly career horoscope 2022,0,,,,,,0,0
gemini november 2022 career horoscope,10,,,,,,0,10
gemini november career horoscope,10,,,,,,0,20
gemini november career horoscope 2022,0,,,,,,0,0
gemini october 2022 career horoscope,0,,,,,,0,0
gemini october career horoscope 2022,0,,,,,,0,0
gemini profession,550000,,LOW,18,0.03,,673000,673000
gemini professional horoscope,10,,LOW,0,,,10,30
gemini rising careers,10,,LOW,0,,,10,10
gemini september 2022 career horoscope,10,,,,,,0,10
gemini september 2022 horoscope career,0,,,,,,0,0
gemini september career horoscope,10,,LOW,0,,,10,10
gemini september career horoscope 2022,0,,,,,,0,0
gemini spiritual,50,,LOW,0,,,20,210
gemini spiritual gifts,90,,LOW,0,,,50,320
gemini spiritual horoscope,10,,,,,,0,10
gemini spiritual reading,,,,,,,,
gemini student horoscope 2022,10,,,,,,0,10
gemini students horoscope 2023,10,,,,,,0,10
gemini successful careers,10,,LOW,0,,,10,30
gemini this month career,10,,LOW,0,,,10,10
gemini this week career horoscope,10,,LOW,0,,,10,10
gemini today career,50,,LOW,0,,,30,140
gemini tomorrow career,10,,LOW,0,,,10,10
gemini weekly career horoscope 2021,0,,,,,,0,0
gemini weekly career horoscope 2022,0,,,,,,0,0
gemini work horoscope 2022,0,,,,,,0,0
gemini work horoscope this week,10,,LOW,0,,,10,10
gemini work horoscope today,720,,LOW,0,,,720,880
gemini zodiac sign career,20,,LOW,1,,,20,20
goat horoscope 2022 career,0,,,,,,0,0
going abroad astrology,10,,LOW,0,,,10,10
golden rules of vastu shastra remedies and solutions sumana paṇḍita,0,,,,,,0,0
good careers for aquarius,10,,LOW,0,,,10,10
good careers for aries,0,,,,,,0,0
good careers for capricorns,10,,LOW,0,,,10,10
good careers for gemini woman,10,,,,,,0,10
good careers for geminis,0,,,,,,0,0
good careers for libra woman,10,,,,,,0,10
good careers for sagittarius,10,,LOW,0,,,10,10
good careers for sagittarius woman,10,,,,,,0,10
good careers for virgo woman,10,,LOW,0,,,10,10
good careers for virgos,30,,LOW,1,,,20,50
good jobs for a sagittarius,10,,,,,,0,10
good jobs for aquarius,50,,LOW,0,,,30,70
good jobs for aquarius woman,10,,LOW,0,,,10,10
good jobs for aries,10,,LOW,0,,,10,10
good jobs for aries woman,10,,,,,,0,10
good jobs for capricorns,40,,LOW,0,,,30,70
good jobs for gemini woman,10,,,,,,0,10
good jobs for sagittarius,10,,LOW,0,,,10,10
good jobs for sagittarius woman,10,,LOW,0,,,10,10
good jobs for virgo woman,10,,,,,,0,10
good jobs for virgos,30,,LOW,1,,,20,50
government job according to astrology,10,,LOW,0,,,10,10
government job as per astrology,10,,LOW,9,,,10,20
government job astrology,210,,LOW,4,0.04,,210,260
government job astrology by date of birth,70,,LOW,24,0.13,,20,110
government job astrology in tamil,20,,LOW,5,,,20,50
government job astrology in telugu,10,,LOW,0,,,10,20
government job by astrology,10,,LOW,0,,,10,10
government job by date of birth,40,,LOW,12,0.01,,30,50
government job free horoscope,0,,,,,,0,0
government job horoscope,50,,LOW,15,0.05,,50,70
government job horoscope by date of birth,20,,MEDIUM,43,0.02,,10,40
government job horoscope in tamil,10,,LOW,0,,,10,20
government job in horoscope,20,,LOW,0,,,10,30
government job in kundali,140,,LOW,1,,,140,170
government job in kundali hindi,10,,LOW,0,,,10,10
government job in my kundli,10,,LOW,17,,,10,10
government job jyotish,10,,LOW,10,,,10,10
government job kp astrology,10,,LOW,0,,,10,10
government job kundali,40,,LOW,6,0.05,,30,50
government job kundli,140,,LOW,1,,,140,170
government job rasi,10,,LOW,0,,,10,10
government jobs in kundali,140,,LOW,1,,,140,170
govt job according to date of birth,10,,LOW,14,,,10,10
govt job astrology by date of birth free,10,,,,,,0,10
govt job astrology tamil,10,,,,,,0,10
govt job in birth chart,10,,LOW,0,,,10,10
govt job in kp astrology,10,,LOW,0,,,10,20
govt job in kundali by dob,10,,,,,,0,10
govt job in kundali free prediction,20,,LOW,13,0.04,,20,40
govt job in my kundali,10,,MEDIUM,45,0.04,,10,10
govt job kundli,140,,LOW,1,,,140,170
govt job prediction by date of birth,260,,LOW,19,0.17,,260,390
govt job prediction by date of birth and time,10,,,,,,0,10
govt job prediction by date of birth and time free,10,,,,,,0,10
govt job prediction by date of birth free,90,,LOW,18,0.12,,140,170
govt job prediction by date of birth free in tamil,30,,LOW,10,,,20,50
govt job prediction by date of birth free online,480,,LOW,0,0.18,,880,880
govt job prediction by date of birth in hindi,10,,,,,,0,10
graha dosha,110,,LOW,0,,,170,170
graha dosha nivarana mantra,10,,LOW,0,,,10,50
graha dosha remedies,10,,LOW,0,,,10,20
graha doshalu telugu,10,,LOW,0,,,10,10
graha maitri dosh,50,,LOW,1,,,20,70
graha maitri dosha,10,,LOW,0,,,10,10
graha maitri dosha cancellation,20,,LOW,0,,,10,30
graha mantra,480,,LOW,0,,,320,720
graha mantra of all 9 planets,260,,LOW,0,,,170,390
graha shanti mantra,140,,LOW,0,,,70,390
graha yantra,40,,HIGH,86,0.01,,20,90
guru graha japa mantra,10,,LOW,0,,,10,10
guru graha japa mantra in telugu,20,,LOW,0,,,10,40
guru graha mantra,2400,,LOW,0,,,2400,3600
guru graha mantra jaap,50,,LOW,0,,,50,90
guru graha mantra pdf,40,,LOW,0,,,40,50
guru graha remedies,40,,LOW,1,,,40,50
guru graha shanti mantra,20,,LOW,0,,,20,30
guru graha shanti mantra in telugu,20,,LOW,0,,,10,30
guru graha yantra,30,,HIGH,100,0.02,,20,70
guru in 11th house lal kitab,10,,LOW,0,,,10,10
guru in 12th house lal kitab,10,,LOW,0,,,10,10
guru in 9th house lal kitab,10,,LOW,0,,,10,10
guru mahadasha rahu antardasha remedies,10,,LOW,0,,,10,70
guru planet remedies,10,,LOW,0,,,10,50
guru shanti graha mantra,10,,LOW,0,,,10,20
guru weak in kundli,20,,LOW,0,,,10,30
guruji astro career,10,,LOW,0,,,10,10
health vastu remedy,70,,LOW,8,0.18,,70,90
helix for vastu,170,,HIGH,100,0.04,,260,320
helix vastu,590,,HIGH,99,0.07,,880,1000
helix vastu remedies,210,,HIGH,98,0.05,,260,260
hindu remedies for evil eye,10,,LOW,14,,,10,10
home remedies for buri nazar,10,,LOW,0,,,10,10
home remedies for nazar dosh,20,,LOW,21,,,20,30
home remedies for negative energy,20,,LOW,1,,,20,20
home remedies for rahu,10,,LOW,2,,,10,10
home remedies for rahu dosha,10,,LOW,5,,,10,10
home remedies for rahu ketu dosha,10,,LOW,2,,,10,10
home remedies for vastu dosh,30,,MEDIUM,37,,,10,40
home remedies for wealth and prosperity,10,,LOW,0,,,10,10
home remedies to remove evil eye,70,,LOW,8,,,20,260
home remedies to remove negative energy,10,,LOW,5,,,10,20
home remedies to remove negativity from home,10,,LOW,10,0.28,,20,30
home vastu remedies,10,,LOW,31,,,10,20
horoscope 2022 aquarius career,0,,,,,,0,0
horoscope 2022 aries career,0,,,,,,0,0
horoscope 2022 capricorn career,0,,,,,,0,0
horoscope 2022 career,0,,,,,,0,0
horoscope 2022 career predictions,0,,,,,,0,0
horoscope 2022 gemini career,0,,,,,,0,0
horoscope 2022 libra career,0,,,,,,0,0
horoscope 2023 aquarius career,0,,,,,,0,0
horoscope 2023 cancer career,0,,,,,,0,0
horoscope 2023 career,10,,,,,,0,10
horoscope 2023 gemini career,0,,,,,,0,0
horoscope 2023 students,10,,,,,,0,10
horoscope about career by date of birth,10,,,,,,0,10
horoscope abroad chances,10,,LOW,0,,,10,10
horoscope and career,1600,,LOW,9,0.14,,2900,3600
horoscope aquarius 2022 career,10,,,,,,0,10
horoscope aries 2022 career,0,,,,,,0,0
horoscope aries 2023 career,0,,,,,,0,0
horoscope aries today career,1000,,LOW,0,,,1300,1300
horoscope cancer 2023 career,0,,,,,,0,0
horoscope career 2022,0,,,,,,0,0
horoscope career 2023,0,,,,,,0,0
horoscope career prediction,50,,MEDIUM,39,0.23,,40,70
horoscope career today,20,,LOW,1,,,20,30
horoscope for foreign travel,10,,LOW,21,0.04,,10,10
horoscope for going abroad,10,,,,,,0,10
horoscope for government job,50,,LOW,15,0.05,,50,70
horoscope for job seekers,10,,MEDIUM,43,0.01,,10,20
horoscope for libra prokarela,,,,,,,,
horoscope for today virgo career,1300,,LOW,0,0.28,,1300,1600
horoscope for work,40,,LOW,24,0.13,,30,50
horoscope foreign settlement,10,,LOW,0,,,10,10
horoscope gemini 2022 career,0,,,,,,0,0
horoscope gemini job,10,,,,,,0,10
horoscope job prediction,20,,LOW,29,0.04,,20,30
horoscope leo tomorrow career,1300,,LOW,0,1.37,,1300,1900
horoscope libra 2022 career,0,,,,,,0,0
horoscope libra career 2022,0,,,,,,0,0
horoscope libra today career,1300,,LOW,0,,,1300,1600
horoscope libra tomorrow career,880,,LOW,0,,,1000,1300
horoscope libra work,10,,LOW,0,,,10,10
horoscope next year,50,,LOW,14,0.06,,40,260
horoscope of steve jobs,10,,LOW,0,,,10,20
horoscope professional,30,,LOW,4,,,40,50
horoscope regarding job,10,,HIGH,81,0.03,,10,10
horoscope related to career,10,,,,,,0,10
horoscope related to job,10,,MEDIUM,48,0.01,,10,10
horoscope sagittarius today career,1000,,LOW,0,,,1000,1600
horoscope sagittarius tomorrow career,1000,,LOW,0,,,880,1600
horoscope scorpio tomorrow career,10,,LOW,0,,,10,20
horoscope taurus 2022 career,0,,,,,,0,0
horoscope taurus today career,880,,LOW,0,1.84,,1300,1300
horoscope to get government job,0,,,,,,0,0
horoscope today leo career,210,,LOW,0,,,170,260
horoscope today pisces career,1000,,LOW,0,0.24,,1300,1300
horoscope today virgo students,10,,LOW,0,,,10,10
horoscope tomorrow capricorn career,10,,LOW,0,,,10,10
horoscope tomorrow career,140,,LOW,2,0.63,,90,260
horoscope tomorrow for students,70,,LOW,0,,,40,90
horoscope travel abroad,10,,LOW,0,,,10,10
horoscope virgo 2022 career,0,,,,,,0,0
horoscope virgo career 2022,0,,,,,,0,0
horoscope will i get the job,10,,HIGH,71,0.01,,10,10
horoscope work today,10,,,,,,0,10
horoscope writing jobs,10,,,,,,0,10
house facing south west vastu,210,,LOW,4,0.01,,140,260
house of foreign settlement in astrology,10,,LOW,0,,,10,10
house of foreign travel astrology,10,,LOW,0,,,10,10
husband career astrology,10,,LOW,0,,,10,10
husband job astrology,10,,LOW,0,,,10,10
i want to know my career through astrology,20,,MEDIUM,50,0.24,,40,40
ideal career for aries,10,,,,,,0,10
ideal jobs for a sagittarius,10,,,,,,0,10
if ketu is in 7th house,70,,LOW,0,,,90,90
indian astrologer psychic,10,,HIGH,86,,,10,10
inside job zodiac signs,10,,,,,,0,10
isabel hickey astrology,10,,LOW,7,,,10,10
it career in astrology,10,,LOW,0,,,10,10
jaimini astrology career,10,,,,,,0,10
jaimini astrology career prediction,10,,LOW,5,,,10,10
janam kundali career,10,,MEDIUM,36,,,10,20
janam kundali for career,10,,MEDIUM,52,0.5,,10,10
janam kundali for job,10,,,,,,0,10
janam kundali predictions for career,10,,,,,,0,10
janam kundali predictions for job,10,,,,,,0,10
janam kundli career,10,,MEDIUM,48,0.04,,10,20
janam kundli for career,10,,HIGH,71,,,10,10
janam kundli for career in hindi,10,,MEDIUM,64,0.21,,10,20
january 2023 aries career horoscope,0,,,,,,0,0
january 2023 career horoscope,0,,,,,,0,0
january career horoscope 2022,0,,,,,,0,0
january career horoscope 2023,0,,,,,,0,0
jathagam career in tamil,10,,LOW,11,0.01,,10,10
jathagam for career,10,,MEDIUM,43,0,,10,10
jathakam about job,10,,,,,,0,10
jathakam for job,10,,LOW,18,0.01,,10,10
jathakam for job in telugu,30,,LOW,11,0.01,,30,40
jathakam job prediction,10,,LOW,17,0.01,,10,10
job according to astrology,10,,LOW,17,0.07,,10,20
job according to kundli,10,,LOW,0,,,10,10
job according to zodiac sign,40,,LOW,1,,,70,70
job and career astrology,10,,LOW,29,,,10,10
job and marriage prediction by date of birth,10,,MEDIUM,39,0.03,,10,20
job as per astrology,10,,LOW,20,0.31,,10,10
job astrology by date of birth in telugu,10,,LOW,29,,,10,10
job astrology in hindi,10,,,,,,0,10
job astrology in kannada,10,,LOW,29,0.01,,10,10
job astrology in tamil,10,,,,,,0,10
job astrology in telugu,10,,LOW,0,,,10,10
job astrology malayalam,10,,MEDIUM,39,0.01,,10,10
job astrology online,260,,LOW,0,,,170,320
job astrology tamil,10,,LOW,11,0.01,,10,10
job based on birth chart,10,,,,,,0,10
job based on zodiac sign,10,,LOW,0,,,10,10
job career astrology,10,,MEDIUM,60,0.32,,10,20
job career horoscope,10,,MEDIUM,52,0.04,,10,10
job for aries,10,,LOW,0,,,10,20
job for gemini,6600,,LOW,0,0.41,,4400,18100
job for libra,90,,LOW,0,,,70,110
job for sagittarius,110,,LOW,0,,,70,140
job for scorpio,10,,LOW,0,,,10,10
job forecast by date of birth,0,,,,,,0,0
job future by date of birth,10,,,,,,0,10
job horoscope 2022,0,,,,,,0,0
job horoscope 2022 by date of birth,10,,,,,,0,10
job horoscope 2023,0,,,,,,0,0
job horoscope based on date of birth,590,,MEDIUM,37,0.13,,590,720
job horoscope by date of birth and time free,0,,,,,,0,0
job horoscope malayalam,10,,,,,,0,20
job horoscope today,10,,LOW,12,0.01,,10,20
job in abroad astrology,10,,,,,,0,10
job in astrology call center,50,,LOW,5,0.01,,40,70
job in foreign astrology,10,,LOW,0,,,10,10
job in kp astrology,10,,LOW,0,,,10,20
job in kundali,170,,LOW,23,0.07,,170,210
job in kundli by date of birth,10,,HIGH,71,,,10,10
job jathakam in telugu,30,,LOW,11,0.01,,30,40
job jyotish,10,,LOW,5,,,10,10
job kundali,170,,LOW,23,0.07,,170,210
job kundali free,20,,MEDIUM,41,0.06,,20,30
job kundali free in hindi,10,,LOW,0,,,10,30
job kundali in hindi,10,,LOW,29,0.01,,10,10
job kundli by date of birth,40,,MEDIUM,35,0.03,,30,50
job kundli in hindi,10,,,,,,0,10
job opportunities astrology,10,,LOW,0,,,10,10
job opportunities for astrologers,70,,LOW,0,,,70,260
job prediction according to date of birth,2400,,LOW,29,0.17,,2400,2400
job prediction by date of birth and time,10,,LOW,24,0.45,,10,10
job prediction by date of birth free online,70,,LOW,2,,,40,140
job prediction by date of birth in hindi,10,,,,,,0,10
job prediction by dob,20,,LOW,24,0.38,,10,30
job prediction by kundali,70,,LOW,28,0.01,,30,170
job prediction by kundli,10,,LOW,0,,,10,10
job prediction free,260,,LOW,27,0.12,,260,320
job prediction horoscope,10,,LOW,19,0.17,,10,10
job prediction in astrology,10,,,,,,0,10
job prediction through kp astrology,10,,LOW,0,,,10,10
job problem in astrology,10,,,,,,0,10
job problem solution astrologer,30,,LOW,21,0.19,,30,50
job problem solution by astrology,30,,LOW,21,0.19,,30,50
job problem solve astrologer,10,,,,,,0,10
job promotion astrology,20,,LOW,11,0.02,,20,30
job rashifal 2022,0,,,,,,0,0
job related astrology,40,,MEDIUM,38,0.33,,40,50
job related horoscope,10,,MEDIUM,53,0.14,,10,10
job vedic astrology,10,,LOW,0,,,10,10
job zodiac signs,10,,LOW,0,,,10,10
jobs based on astrology,10,,,,,,0,10
jobs based on your zodiac sign,10,,,,,,0,10
jobs for a gemini woman,10,,,,,,0,10
jobs for a sagittarius woman,10,,,,,,0,10
jobs for a virgo,50,,LOW,0,,,30,90
jobs for aquarius female,20,,LOW,0,,,10,30
jobs for aquarius male,10,,LOW,0,,,10,10
jobs for aquarius woman,20,,LOW,0,,,10,30
jobs for aries female,10,,,,,,0,10
jobs for aries man,10,,LOW,0,,,10,10
jobs for aries woman,10,,LOW,0,,,10,20
jobs for cancer zodiac sign,10,,,,,,0,10
jobs for capricorn woman,20,,LOW,0,,,10,30
jobs for gemini female,10,,,,,,0,10
jobs for gemini woman,30,,LOW,0,,,20,90
jobs for leo zodiac,10,,,,,,0,10
jobs for libra woman,20,,LOW,0,,,10,40
jobs for sagittarius man,10,,LOW,0,,,10,10
jobs for sagittarius woman,20,,LOW,0,,,10,20
jobs for sagittarius woman 2021,0,,,,,,0,0
jobs for sagittarius woman 2022,0,,,,,,0,0
jobs for virgo man,10,,LOW,0,,,10,10
jobs for virgo woman,10,,LOW,0,,,10,10
jobs related to astrology,10,,LOW,0,,,10,10
jobs related to moon in astrology,20,,LOW,0,,,20,30
jobs that involve astrology,0,,,,,,0,0
jobs to do with astrology,10,,,,,,0,10
jonathan waxman spiritual astrology,,,,,,,,
jonny waxman spiritual astrology,,,,,,,,
july 17 zodiac career,0,,,,,,0,0
july 2022 career horoscope,,,,,,,,
july 2022 libra career horoscope,0,,,,,,0,0
july aries career horoscope,10,,LOW,0,,,10,10
july career horoscope,10,,,,,,0,20
july career horoscope 2022,0,,,,,,0,0
july libra career horoscope,10,,,,,,0,10
june 2022 career horoscope,0,,,,,,0,0
june 5 zodiac career,10,,,,,,0,10
june 8 zodiac career,10,,LOW,0,,,10,10
june career horoscope 2022,0,,,,,,0,0
june career horoscope sagittarius,10,,,,,,0,10
june libra career horoscope,10,,,,,,0,10
june virgo career horoscope,10,,,,,,0,10
jupiter astrology remedies,90,,LOW,1,,,110,110
jupiter beej mantra,720,,LOW,0,,,590,880
jupiter in 10th house lal kitab,40,,LOW,0,,,30,70
jupiter in 10th house remedies,30,,LOW,0,,,20,40
jupiter in 11th house lal kitab,30,,LOW,0,,,10,50
jupiter in 11th house remedies,10,,LOW,0,,,10,20
jupiter in 12th house lal kitab,20,,LOW,0,,,20,30
jupiter in 12th house remedies,50,,LOW,0,,,30,90
jupiter in 1st house lal kitab,20,,LOW,0,,,10,40
jupiter in 2nd house lal kitab,20,,LOW,0,,,10,40
jupiter in 2nd house remedies,10,,LOW,0,,,10,20
jupiter in 4th house lal kitab,30,,LOW,0,,,20,40
jupiter in 4th house remedies,20,,LOW,0,,,10,30
jupiter in 6th house lal kitab,30,,LOW,0,,,20,40
jupiter in 6th house remedies,30,,LOW,1,0.01,,20,50
jupiter in 7th house lal kitab,40,,LOW,0,,,50,50
jupiter in 7th house remedies,20,,LOW,0,,,20,30
jupiter in 8th house lal kitab,40,,LOW,0,,,40,70
jupiter in 8th house remedies,90,,LOW,0,,,50,110
jupiter in 9th house lal kitab,20,,LOW,0,,,20,30
jupiter in ardra nakshatra remedies,10,,,,,,0,10
jupiter in lal kitab,10,,LOW,0,,,10,30
jupiter ketu conjunction remedies,20,,LOW,0,,,30,30
jupiter mahadasha ketu antardasha remedies,20,,LOW,0,,,10,30
jupiter mahadasha mercury antardasha remedies,10,,LOW,0,,,10,20
jupiter mahadasha moon antardasha remedies,10,,LOW,0,,,10,20
jupiter mahadasha remedies,70,,LOW,1,,,40,90
jupiter mahadasha saturn antardasha remedies,20,,LOW,5,0.01,,10,40
jupiter mahadasha shani antardasha remedies,10,,LOW,5,,,10,10
jupiter mahadasha venus antardasha remedies,20,,LOW,0,,,20,30
jupiter mantra,1900,,LOW,0,,,1900,2900
jupiter mantra for marriage,50,,LOW,0,,,30,70
jupiter mantra for wealth,70,,LOW,0,,,40,140
jupiter planet remedies,590,,LOW,1,0.06,,390,1000
jupiter rahu conjunction remedies,30,,LOW,0,,,20,30
jupiter rahu dasha remedies,10,,LOW,0,,,10,10
jupiter remedies astrosage,10,,LOW,0,,,10,10
jupiter remedies lal kitab,50,,LOW,2,,,40,70
jupiter remedies vedic astrology,10,,LOW,0,,,10,10
jupiter saturn conjunction lal kitab,10,,LOW,0,,,10,10
jupiter strong remedies,50,,LOW,2,,,20,110
jyotish job,10,,LOW,0,,,10,10
jyotish remedies,30,,LOW,27,0.03,,30,40
jyotish remedies 121,10,,LOW,0,,,10,10
kan drishti remedies,10,,LOW,0,,,10,10
kanya lagna remedies,10,,LOW,0,,,10,10
kanya rashi 2023 job,0,,,,,,0,0
kanya rashi government job,10,,LOW,0,,,10,10
kanya rashi job,20,,LOW,0,,,20,30
kanya rashi job 2022,0,,,,,,0,0
kanya rashi job career 2022,0,,,,,,0,0
kanya rashi job career 2023,10,,,,,,0,10
ketu 11th house lal kitab,10,,LOW,0,,,10,20
ketu 5th house lal kitab,10,,LOW,0,,,10,20
ketu 5th house remedies,170,,LOW,1,,,170,210
ketu 6th house lal kitab,10,,LOW,0,,,10,10
ketu 6th house remedies,20,,LOW,0,,,20,40
ketu 8th house lal kitab,10,,LOW,1,,,10,20
ketu 8th house remedies,4400,,LOW,0,,,3600,5400
ketu and spirituality,10,,LOW,0,,,10,10
ketu antardasha in rahu mahadasha remedies,10,,,,,,0,10
ketu antardasha remedies,50,,LOW,0,,,50,70
ketu beej mantra,4400,,LOW,0,,,4400,4400
ketu dasha remedies,390,,LOW,2,0.1,,320,720
ketu dosha remedies,90,,LOW,1,,,70,140
ketu flag remedy,20,,LOW,0,,,30,40
ketu graha mantra,210,,LOW,0,,,110,320
ketu graha remedies,20,,LOW,2,,,30,30
ketu graha shanti mantra,20,,LOW,0,,,40,40
ketu in 10th house lal kitab,30,,LOW,0,,,20,40
ketu in 11th house lal kitab,40,,LOW,1,,,20,50
ketu in 11th house remedies,40,,LOW,1,,,30,90
ketu in 12 house lal kitab,10,,LOW,0,,,10,10
ketu in 12th house lal kitab,30,,LOW,1,,,20,40
ketu in 12th house remedies,50,,LOW,1,,,50,70
ketu in 1st house lal kitab,30,,LOW,1,,,20,40
ketu in 2nd house lal kitab,20,,LOW,0,,,10,30
ketu in 3rd house remedies,40,,LOW,0,,,30,50
ketu in 5th house for childbirth remedies,50,,LOW,0,,,30,70
ketu in 5th house lal kitab,20,,LOW,0,,,20,20
ketu in 6th house lal kitab,20,,LOW,2,,,20,30
ketu in 6th house remedies,50,,LOW,2,,,50,70
ketu in 7th house in female horoscope remedies,20,,LOW,0,,,10,40
ketu in 7th house lal kitab,30,,LOW,0,,,20,40
ketu in 7th house marriage remedies,20,,LOW,2,,,10,30
ketu in 7th house remedies,260,,LOW,1,,,260,390
ketu in 8th house lal kitab,30,,LOW,0,,,20,50
ketu in 9th house remedies,40,,LOW,0,,,20,40
ketu in lal kitab,10,,LOW,0,,,10,30
ketu jaap,70,,LOW,2,,,90,110
ketu jaap mantra,260,,LOW,0,,,320,320
ketu japa,10,,LOW,0,,,10,20
ketu japa mantra,30,,LOW,1,,,30,50
ketu ka beej mantra,720,,LOW,0,,,880,880
ketu ka jaap,70,,LOW,0,,,50,90
ketu ka tantrik mantra,90,,LOW,0,,,90,90
ketu ke beej mantra,30,,LOW,0,,,20,50
ketu ke jaap,50,,LOW,0,,,70,90
ketu lal kitab,20,,LOW,0,,,20,40
ketu lal kitab remedies,260,,LOW,2,0.01,,210,390
ketu mahadasha mercury antardasha remedies,10,,LOW,0,,,10,20
ketu mahadasha moon antardasha remedies,20,,LOW,2,,,10,20
ketu mahadasha rahu antardasha remedies,30,,LOW,1,0.01,,20,40
ketu mahadasha remedies,390,,LOW,2,0.1,,320,720
ketu mahadasha remedies in hindi,10,,LOW,3,,,10,20
ketu mahadasha saturn antardasha remedies,20,,LOW,2,,,20,40
ketu mahadasha shani antardasha remedies,10,,LOW,0,,,10,10
ketu mantra,8100,,LOW,0,,,9900,9900
ketu mantra for health,10,,LOW,0,,,10,10
ketu mantra for marriage,10,,LOW,0,,,10,20
ketu mantra in english,480,,LOW,0,,,720,720
ketu mantra jaap,480,,LOW,0,,,590,590
ketu moon conjunction remedies,10,,LOW,0,,,10,20
ketu planet remedies,20,,LOW,0,,,10,30
ketu remedies astrology,10,,LOW,0,,,10,10
ketu remedies at home,20,,LOW,1,,,20,30
ketu remedies by pawan sinha,0,,,,,,0,0
ketu remedies for career,70,,LOW,1,,,40,90
ketu remedies for health,50,,LOW,0,,,70,70
ketu remedies for marriage,40,,LOW,3,,,40,70
ketu remedies in astrology,70,,LOW,5,,,50,110
ketu remedies in hindi,40,,LOW,1,,,20,50
ketu remedies vedic astrology,10,,LOW,19,0.02,,10,10
ketu remedy,1900,,LOW,1,,,1600,2400
ketu remedy stone,10,,LOW,0,,,10,10
ketu shanti mantra,140,,LOW,0,,,110,170
ketu spirituality,10,,LOW,0,,,10,20
ketu tantrik mantra,110,,LOW,0,,,110,140
ketu vedic mantra,170,,LOW,0,,,170,170
khushdeep bansal mahavastu remedies,10,,,,,,0,10
khushdeep bansal vastu remedies,10,,,,,,0,10
kitchen and bathroom common wall vastu remedies,50,,LOW,1,,,70,90
kitchen and toilet common wall remedies,20,,LOW,0,,,10,70
kitchen in north direction vastu remedies,10,,LOW,0,,,10,20
kitchen in north east remedies,260,,LOW,10,0.05,,210,320
kitchen in north east vastu remedies,720,,LOW,3,0.16,,590,880
kitchen in north remedies,10,,LOW,10,,,10,10
kitchen in north vastu remedies,210,,LOW,2,,,70,390
kitchen in north west vastu remedies,210,,LOW,2,0.16,,140,390
kitchen in south vastu,260,,LOW,1,,,210,320
kitchen in south west direction remedy,10,,LOW,10,0.04,,10,10
kitchen in south west remedies,10,,LOW,8,,,10,20
kitchen in south west vastu,320,,LOW,1,,,320,390
kitchen in south west vastu remedies,10,,LOW,0,,,10,10
kitchen in southwest remedies,10,,LOW,0,,,10,10
kitchen in west direction remedies,10,,LOW,0,,,10,10
kitchen in west direction vastu remedies,10,,LOW,0,,,10,40
kitchen vastu dosh,10,,LOW,0,,,10,20
kitchen vastu dosh nivaran,10,,LOW,0,,,10,10
kitchen vastu dosh remedies,20,,LOW,11,,,20,30
kitchen vastu remedies,480,,LOW,3,,,480,720
know about career astrology,10,,MEDIUM,55,0.27,,10,20
know career through astrology,10,,,,,,0,10
know my career astrology,10,,MEDIUM,52,0.29,,10,20
know your career astrology,10,,MEDIUM,57,,,10,10
know your career by kundali,10,,,,,,0,10
know your career through astrology,10,,MEDIUM,52,0.17,,10,20
know your future job by date of birth,10,,,,,,0,10
kp astrology career,10,,LOW,2,,,10,10
kp astrology career prediction,20,,LOW,10,0.1,,20,50
kp astrology career prediction free,50,,LOW,11,0.09,,70,70
kp astrology government job,10,,LOW,0,,,10,20
kp astrology job prediction,10,,LOW,10,0.01,,20,20
kp astrology profession,10,,LOW,7,,,10,20
kundali about career,10,,MEDIUM,56,0.06,,10,10
kundali analysis for career,20,,MEDIUM,39,0.09,,10,30
kundali analysis for job,20,,MEDIUM,47,0.12,,10,20
kundali and foreign settlement,0,,,,,,0,0
kundali career free,10,,MEDIUM,38,,,10,10
kundali career horoscope,10,,,,,,0,10
kundali career prediction,90,,MEDIUM,41,0.2,,70,170
kundali career prediction free,70,,LOW,27,0.1,,40,90
kundali for career in hindi,10,,MEDIUM,61,0.01,,10,10
kundali for career online free,10,,MEDIUM,40,0.01,,10,10
kundali for government job,20,,LOW,33,0.01,,10,30
kundali for job,170,,LOW,23,0.07,,170,210
kundali for job in hindi,10,,LOW,29,0.01,,10,20
kundali in hindi for career,10,,,,,,0,10
kundali job,170,,LOW,23,0.07,,170,210
kundali job prediction,40,,LOW,29,0.05,,30,70
kundali ke anusar career,10,,LOW,23,0.01,,10,10
kundali prediction for job,10,,MEDIUM,54,0.15,,10,10
kundali reading for career free,10,,HIGH,71,0.05,,10,10
kundali reading for career in hindi,10,,,,,,0,10
kundli analysis for career,10,,LOW,22,0.24,,20,20
kundli career in hindi,10,,MEDIUM,43,,,10,10
kundli career prediction free,20,,MEDIUM,42,0.11,,20,40
kundli for career in hindi,10,,LOW,29,,,10,10
kundli for foreign settlement,10,,MEDIUM,36,0.16,,10,10
kundli for going abroad,10,,,,,,0,10
kundli for government job,10,,LOW,18,,,10,10
kundli for job,170,,LOW,23,0.07,,170,210
kundli for job in hindi,10,,MEDIUM,46,0.05,,10,10
kundli in hindi for job,0,,,,,,0,0
kundli job prediction,30,,MEDIUM,39,0.03,,20,30
kundli job prediction in hindi,10,,LOW,29,,,10,20
kundli me sarkari naukri,10,,LOW,0,,,10,10
kundli online for career,10,,MEDIUM,57,0.41,,10,10
kundli reading for career,10,,HIGH,76,0.08,,10,10
lagna dosha remedies,10,,LOW,4,,,10,20
lagnesh mantra for height increase,10,,,,,,0,20
lal kitab career prediction free,10,,MEDIUM,39,0.03,,10,20
lal kitab for health,10,,,,,,0,10
lal kitab for job,10,,,,,,0,10
lal kitab for love marriage,10,,,,,,0,10
lal kitab for marriage,10,,LOW,4,,,10,20
lal kitab for money,10,,LOW,0,,,10,20
lal kitab jupiter remedies,10,,LOW,2,,,10,10
lal kitab mars,10,,LOW,0,,,10,10
lal kitab moon remedies,10,,LOW,0,,,20,20
lal kitab prediction for career,10,,LOW,0,,,10,10
lal kitab rahu,40,,LOW,1,,,30,90
lal kitab rahu ke upay,40,,LOW,3,,,70,70
lal kitab rahu remedies,320,,LOW,3,0.05,,320,480
lal kitab remedies for all planets,110,,LOW,5,0.01,,70,140
lal kitab remedies for budh,10,,LOW,0,,,10,10
lal kitab remedies for budha graha,10,,LOW,2,,,10,20
lal kitab remedies for combust mercury,20,,LOW,0,,,10,30
lal kitab remedies for combust venus,20,,LOW,3,,,10,30
lal kitab remedies for evil eye,10,,LOW,2,,,10,10
lal kitab remedies for foreign settlement,20,,LOW,31,,,10,40
lal kitab remedies for husband wife relationship,20,,LOW,23,0.59,,20,30
lal kitab remedies for job interview,10,,LOW,0,,,10,10
lal kitab remedies for jupiter,40,,LOW,3,0,,30,70
lal kitab remedies for jupiter in 7th house,20,,LOW,0,,,10,30
lal kitab remedies for jupiter in 8th house,20,,LOW,1,,,20,40
lal kitab remedies for ketu in 10th house,20,,LOW,2,,,10,90
lal kitab remedies for ketu in 5th house,20,,LOW,2,,,20,20
lal kitab remedies for ketu in 7th house,20,,LOW,1,0.01,,20,30
lal kitab remedies for mangal dosha,10,,LOW,6,,,10,20
lal kitab remedies for mars,140,,LOW,1,,,110,210
lal kitab remedies for mars in 8th house,20,,LOW,2,,,20,50
lal kitab remedies for mercury,50,,LOW,1,,,40,50
lal kitab remedies for mercury in 12th house,10,,LOW,3,,,10,20
lal kitab remedies for moon,90,,LOW,2,,,110,110
lal kitab remedies for moon in 8th house,40,,LOW,1,,,30,50
lal kitab remedies for negative energy,10,,MEDIUM,56,,,10,10
lal kitab remedies for planets,10,,LOW,0,,,10,10
lal kitab remedies for planets in different houses,20,,LOW,0,,,10,30
lal kitab remedies for rahu and ketu,70,,LOW,3,,,70,90
lal kitab remedies for rahu in 12th house,20,,LOW,1,,,30,30
lal kitab remedies for rahu in 1st house,10,,LOW,1,,,10,20
lal kitab remedies for rahu in 4th house,10,,LOW,5,,,10,20
lal kitab remedies for rahu in 5th house,20,,LOW,4,,,10,30
lal kitab remedies for rahu in 7th house,20,,LOW,3,,,30,40
lal kitab remedies for rahu in 8th house,20,,LOW,2,,,20,30
lal kitab remedies for rahu mahadasha,90,,LOW,2,,,70,110
lal kitab remedies for rahu mahadasha in hindi,10,,LOW,0,,,10,10
lal kitab remedies for saturn,70,,LOW,0,,,50,90
lal kitab remedies for saturn in 8th house,30,,LOW,0,,,30,50
lal kitab remedies for selling property,10,,LOW,1,,,10,20
lal kitab remedies for shani,70,,LOW,2,,,50,90
lal kitab remedies for shani mahadasha,10,,LOW,10,,,10,10
lal kitab remedies for shukra graha,10,,LOW,0,,,10,10
lal kitab remedies for vastu dosh,10,,LOW,21,,,10,10
lal kitab remedies for venus,40,,LOW,1,,,30,50
lal kitab remedies for venus in 8th house,10,,LOW,0,,,10,20
lal kitab remedies for weak jupiter,10,,LOW,0,,,10,10
lal kitab remedies for weak moon,140,,LOW,6,0.02,,140,170
lal kitab remedies for weak saturn,10,,,,,,0,10
lal kitab remedies for weak venus,10,,LOW,5,,,10,20
lal kitab remedies in hindi,50,,LOW,4,,,50,70
lal kitab remedy to sell property,50,,LOW,0,,,30,90
lal kitab saturn,10,,LOW,0,,,10,10
lal kitab saturn remedies,10,,LOW,0,,,10,10
lal kitab shani,20,,LOW,0,,,10,140
lal kitab vastu remedies,10,,MEDIUM,36,0.05,,30,30
lal kitab vastu shastra,90,,LOW,22,0.01,,90,140
lal kitab vastu tips,10,,LOW,0,,,10,10
lal kitab vastu tips in hindi,10,,,,,,0,10
lal kitab vedic astrology,10,,MEDIUM,35,0.08,,10,20
lead helix vastu,260,,HIGH,99,0.04,,260,390
leo 2022 career horoscope,10,,,,,,0,10
leo 2022 horoscope for students,0,,,,,,0,0
leo 2023 career horoscope,10,,,,,,0,10
leo april career horoscope,10,,,,,,0,30
leo astrology career,210,,LOW,0,0.08,,140,320
leo business horoscope,10,,LOW,0,,,10,20
leo business horoscope today,10,,LOW,0,,,10,30
leo career 2023 horoscope,10,,,,,,0,10
leo career horoscope 2021,0,,,,,,0,0
leo career horoscope 2022 ganeshaspeaks,10,,,,,,0,10
leo career horoscope 2022 september,0,,,,,,0,0
leo career horoscope 2023 ganeshaspeaks,10,,,,,,0,10
leo career horoscope 2024,10,,LOW,0,,,10,10
leo career horoscope december 2022,10,,,,,,0,10
leo career horoscope feb 2022,0,,,,,,0,0
leo career horoscope february 2022,0,,,,,,0,0
leo career horoscope february 2023,0,,,,,,0,0
leo career horoscope for next week,10,,LOW,2,,,10,30
leo career horoscope for this week,10,,LOW,0,,,10,10
leo career horoscope january 2022,0,,,,,,0,0
leo career horoscope january 2023,0,,,,,,0,0
leo career horoscope june 2022,0,,,,,,0,0
leo career horoscope march 2022,0,,,,,,0,0
leo career horoscope may 2022,0,,,,,,0,0
leo career horoscope monthly,70,,LOW,1,,,50,90
leo career horoscope next week,210,,LOW,0,,,320,320
leo career horoscope nov 2022,0,,,,,,0,0
leo career horoscope november,10,,LOW,0,,,10,40
leo career horoscope this month,70,,LOW,1,,,50,90
leo career horoscope this week,880,,LOW,0,0.02,,720,1000
leo career horoscope today ganesha speaks,90,,LOW,0,,,40,140
leo career horoscope week ahead,10,,LOW,3,,,10,20
leo career this week,20,,LOW,0,,,10,40
leo career tomorrow,30,,LOW,0,,,10,70
leo daily career,10,,,,,,0,10
leo daily spiritual horoscope,,,,,,,,
leo december 2022 career horoscope,0,,,,,,0,0
leo december 2022 horoscope career,10,,,,,,0,10
leo december career horoscope,10,,,,,,0,10
leo feb career horoscope,10,,,,,,0,20
leo february 2022 career horoscope,0,,,,,,0,0
leo february career horoscope,10,,,,,,0,20
leo foreign travel horoscope 2022,10,,,,,,0,10
leo foreign travel horoscope 2023,10,,,,,,0,10
leo horoscope 2022 for students,0,,,,,,0,0
leo horoscope 2023 students,10,,,,,,0,10
leo horoscope business,10,,LOW,0,,,10,20
leo horoscope career 2023,10,,,,,,0,10
leo horoscope career november 2022,10,,,,,,0,10
leo horoscope career september 2022,0,,,,,,0,0
leo horoscope career tomorrow,20,,LOW,0,,,10,50
leo horoscope december 2022 career,10,,,,,,0,10
leo horoscope january 2023 career,0,,,,,,0,0
leo horoscope job,10,,LOW,0,,,10,10
leo horoscope november 2022 career,10,,,,,,0,10
leo horoscope october 2022 career,10,,,,,,0,10
leo horoscope work,320,,LOW,1,0,,260,480
leo january 2022 career horoscope,,,,,,,,
leo january 2023 career horoscope,0,,,,,,0,0
leo job horoscope 2022,0,,,,,,0,0
leo job horoscope 2023,0,,,,,,0,0
leo june 2022 career horoscope,0,,,,,,0,0
leo june career horoscope 2022,0,,,,,,0,0
leo may 2022 career horoscope,0,,,,,,0,0
leo november 2022 career horoscope,10,,,,,,0,10
leo november 2022 horoscope career,0,,,,,,0,0
leo october 2022 career horoscope,10,,,,,,0,10
leo october career horoscope,10,,LOW,0,,,10,50
leo september 2022 career horoscope,0,,,,,,0,0
leo september 2022 horoscope career,0,,,,,,0,0
leo september career horoscope,10,,LOW,1,,,10,30
leo september career horoscope 2022,0,,,,,,0,0
leo spiritual horoscope,10,,,,,,0,10
leo student horoscope 2022,0,,,,,,0,0
leo student horoscope 2023,10,,,,,,0,10
leo this week career horoscope,210,,LOW,0,,,320,320
leo tomorrow career,10,,LOW,0,,,10,10
leo weekly career horoscope next week,40,,LOW,0,,,50,70
leo work horoscope today,210,,LOW,0,,,170,260
leo zodiac career,10,,LOW,0,,,10,20
libra 2021 career predictions,0,,,,,,0,0
libra 2022 career,0,,,,,,0,0
libra 2022 career horoscope,0,,,,,,0,0
libra 2022 career predictions,10,,,,,,0,10
libra 2022 career predictions susan miller,0,,,,,,0,0
libra 2022 horoscope career,0,,,,,,0,0
libra 2023 career,0,,,,,,0,0
libra 2023 career horoscope,0,,,,,,0,0
libra 2023 horoscope career,0,,,,,,0,0
libra april 2022 career,,,,,,,,
libra april 2022 career horoscope,0,,,,,,0,0
libra april 2022 horoscope career,0,,,,,,0,0
libra april career horoscope,10,,,,,,0,20
libra april career horoscope 2022,,,,,,,,
libra august 2022 career,0,,,,,,0,0
libra august 2022 career horoscope,0,,,,,,0,0
libra august 2022 horoscope career,0,,,,,,0,0
libra august career,10,,LOW,0,,,10,10
libra august career 2022,0,,,,,,0,0
libra august career horoscope,10,,LOW,0,,,40,40
libra business horoscope,10,,LOW,0,,,10,10
libra business horoscope 2022,10,,,,,,0,10
libra business horoscope today,10,,LOW,0,,,10,10
libra career 2022,0,,,,,,0,0
libra career 2022 horoscope,0,,,,,,0,0
libra career 2023,0,,,,,,0,0
libra career 2023 horoscope,0,,,,,,0,0
libra career april 2022,0,,,,,,0,0
libra career august,10,,LOW,0,,,10,10
libra career august 2022,0,,,,,,0,0
libra career august 2022 horoscope,0,,,,,,0,0
libra career daily,10,,LOW,0,,,10,20
libra career december 2022,0,,,,,,0,0
libra career feb 2022,,,,,,,,
libra career february 2022,0,,,,,,0,0
libra career horoscope 2021,10,,,,,,0,10
libra career horoscope 2022,10,,,,,,0,10
libra career horoscope 2022 ganeshaspeaks,10,,,,,,0,10
libra career horoscope 2023,10,,,,,,0,10
libra career horoscope april 2022,0,,,,,,0,0
libra career horoscope august 2022,0,,,,,,0,0
libra career horoscope december 2022,10,,,,,,0,10
libra career horoscope feb 2022,0,,,,,,0,0
libra career horoscope february 2022,0,,,,,,0,0
libra career horoscope february 2023,0,,,,,,0,0
libra career horoscope for 2022,0,,,,,,0,0
libra career horoscope for 2023,0,,,,,,0,0
libra career horoscope for next week,260,,LOW,0,,,210,390
libra career horoscope for this week,390,,LOW,0,,,320,590
libra career horoscope january 2022,0,,,,,,0,0
libra career horoscope july 2022,0,,,,,,0,0
libra career horoscope june 2022,0,,,,,,0,0
libra career horoscope march,10,,,,,,0,20
libra career horoscope march 2022,0,,,,,,0,0
libra career horoscope may 2022,0,,,,,,0,0
libra career horoscope monthly,70,,LOW,2,,,50,110
libra career horoscope next week,260,,LOW,0,,,210,390
libra career horoscope november 2022,0,,,,,,0,0
libra career horoscope october 2022,10,,,,,,0,10
libra career horoscope september 2022,10,,,,,,0,10
libra career horoscope today ganeshaspeaks,140,,LOW,0,,,170,210
libra career horoscope today truthstar,0,,,,,,0,0
libra career in 2022,0,,,,,,0,0
libra career in 2023,10,,,,,,0,10
libra career january 2022,0,,,,,,0,0
libra career july,10,,LOW,0,,,10,10
libra career july 2022,0,,,,,,0,0
libra career june,10,,,,,,0,10
libra career june 2022,0,,,,,,0,0
libra career march 2022,0,,,,,,0,0
libra career may 2022,0,,,,,,0,0
libra career monthly,10,,LOW,0,,,20,20
libra career next month,10,,,,,,0,10
libra career next week,110,,LOW,0,,,110,140
libra career november 2022,0,,,,,,0,0
libra career october 2022,0,,,,,,0,0
libra career september 2022,10,,,,,,0,10
libra career this month,10,,LOW,0,,,20,20
libra career this week,110,,LOW,0,,,110,140
libra career today,170,,LOW,0,,,210,260
libra career tomorrow,140,,LOW,0,,,90,210
libra daily work horoscope,10,,LOW,0,,,20,20
libra december 2022 career horoscope,0,,,,,,0,0
libra december career horoscope,10,,,,,,0,20
libra february 2022 career horoscope,0,,,,,,0,0
libra february 2022 horoscope career,0,,,,,,0,0
libra february career horoscope,10,,,,,,0,10
libra foreign travel horoscope 2022,10,,,,,,0,10
libra foreign travel horoscope 2023,10,,,,,,0,10
libra future career,40,,LOW,0,,,30,90
libra future job,10,,,,,,0,10
libra horoscope 2022 career predictions,10,,,,,,0,10
libra horoscope 2023 career,10,,,,,,0,10
libra horoscope april 2022 career,,,,,,,,
libra horoscope august 2022 career,10,,,,,,0,10
libra horoscope career 2022,0,,,,,,0,0
libra horoscope career 2023,10,,,,,,0,10
libra horoscope career august 2022,0,,,,,,0,0
libra horoscope career september 2022,0,,,,,,0,0
libra horoscope career this week,10,,LOW,0,,,10,10
libra horoscope career tomorrow,880,,LOW,0,,,1000,1300
libra horoscope for job seekers,10,,LOW,0,,,10,10
libra horoscope for tomorrow career,10,,LOW,0,,,10,10
libra horoscope future career,10,,LOW,0,,,10,10
libra horoscope job,10,,LOW,0,,,10,10
libra horoscope job 2022,0,,,,,,0,0
libra horoscope july 2022 career,0,,,,,,0,0
libra horoscope june 2022 career,0,,,,,,0,0
libra horoscope next week career,260,,LOW,0,,,210,390
libra horoscope november 2022 career,10,,,,,,0,10
libra horoscope october 2022 career,10,,,,,,0,10
libra horoscope september 2022 career,10,,,,,,0,10
libra horoscope students,10,,LOW,0,,,10,10
libra horoscope work,10,,LOW,0,,,10,10
libra january 2022 career horoscope,0,,,,,,0,0
libra january 2023 career horoscope,0,,,,,,0,0
libra january career horoscope,10,,,,,,0,10
libra job horoscope 2022,10,,,,,,0,10
libra job horoscope 2023,10,,,,,,0,10
libra job horoscope today,1300,,LOW,0,,,1300,1600
libra july 2022 career horoscope,0,,,,,,0,0
libra july career 2022,,,,,,,,
libra july career horoscope,10,,,,,,0,10
libra june 2022 career,,,,,,,,
libra june 2022 career horoscope,0,,,,,,0,0
libra june 2022 horoscope career,0,,,,,,0,0
libra june career horoscope,10,,,,,,0,40
libra june career horoscope 2022,0,,,,,,0,0
libra march 2022 career horoscope,0,,,,,,0,0
libra march 2022 horoscope career,,,,,,,,
libra march career horoscope,10,,,,,,0,20
libra march career horoscope 2022,,,,,,,,
libra may 2022 career,,,,,,,,
libra may 2022 career horoscope,,,,,,,,
libra may 2022 horoscope career,,,,,,,,
libra may career horoscope,10,,,,,,0,30
libra monthly career horoscope 2021,0,,,,,,0,0
libra monthly career horoscope 2022,0,,,,,,0,0
libra moon careers,10,,LOW,0,,,10,10
libra new job 2022,0,,,,,,0,0
libra next week career horoscope,260,,LOW,0,,,210,390
libra november 2022 career,0,,,,,,0,0
libra november 2022 career horoscope,0,,,,,,0,0
libra november 2022 horoscope career,0,,,,,,0,0
libra november career horoscope,10,,,,,,0,30
libra october 2022 career,0,,,,,,0,0
libra october 2022 career horoscope,0,,,,,,0,0
libra october career,10,,,,,,0,10
libra october career horoscope,10,,LOW,0,,,10,20
libra professional horoscope,390,,LOW,0,,,390,480
libra rising career,10,,LOW,0,,,10,10
libra september 2022 career,0,,,,,,0,0
libra september 2022 career horoscope,0,,,,,,0,0
libra september 2022 horoscope career,0,,,,,,0,0
libra september career,10,,LOW,0,,,10,10
libra september career 2022,0,,,,,,0,0
libra september career horoscope,10,,LOW,0,,,10,10
libra spiritual,10,,LOW,0,,,10,20
libra spiritual awakening,10,,,,,,0,10
libra spiritual gifts,10,,,,,,0,10
libra spiritual horoscope,0,,,,,,0,0
libra student horoscope,10,,LOW,0,,,10,10
libra student horoscope 2022,0,,,,,,0,0
libra student horoscope 2023,0,,,,,,0,0
libra student horoscope this week,10,,LOW,0,,,10,10
libra successful careers,10,,LOW,0,,,10,10
libra weekly business horoscope,10,,,,,,0,10
libra weekly career horoscope 2021,0,,,,,,0,0
libra weekly career horoscope 2022,10,,,,,,0,10
libra weekly career horoscope ganesha,10,,,,,,0,10
libra weekly career horoscope next week,10,,LOW,0,,,10,30
libra woman spirituality,10,,LOW,0,,,10,10
libra work horoscope 2022,0,,,,,,0,0
libra work horoscope today,1300,,LOW,0,,,1300,1600
libra zodiac sign career,10,,LOW,0,,,10,20
life career prediction by date of birth,10,,LOW,4,,,10,10
life horoscope spiritual,20,,LOW,2,,,20,50
life remedies horoscope,10,,LOW,29,0.35,,10,10
living room in south west vastu,20,,LOW,0,,,10,30
lord rahu mantra,40,,LOW,0,,,20,70
lord saturn mantra,10,,LOW,0,,,10,10
love and career from renowned astrologer hedy damari,,,,,,,,
love and career prediction by date of birth,0,,,,,,0,0
maa durga mantra for rahu,30,,LOW,0,,,40,40
mahavastu advanced remedies,10,,,,,,0,30
mahavastu colour remedies,30,,LOW,3,,,20,50
mahavastu entrance remedies,10,,HIGH,88,,,10,20
mahavastu green tape,10,,HIGH,78,0,,10,10
mahavastu kitchen remedies,10,,MEDIUM,33,,,10,10
mahavastu marriage delay remedies,10,,,,,,0,10
mahavastu remedies for better life,10,,LOW,0,,,10,10
mahavastu remedies for health,10,,MEDIUM,36,,,10,10
mahavastu remedies for marriage,10,,LOW,0,,,10,10
mahavastu remedies for north east toilet,10,,LOW,0,,,10,10
mahavastu remedies for north west toilet,10,,,,,,0,10
mahavastu remedies for south east toilet,10,,LOW,0,,,10,10
mahavastu remedies for south west toilet,10,,LOW,0,,,10,10
mahavastu remedies in hindi,20,,LOW,15,,,10,40
mahavastu remedies products,110,,HIGH,99,0.1,,140,170
mahavastu remedies village scene,20,,MEDIUM,57,0.02,,40,40
mahavastu remedy for toilet in north east,0,,,,,,0,0
mahavastu remedy items,10,,,,,,0,10
mahavastu shakti chakra price,10,,,,,,0,20
mahavastu toilet,10,,,,,,0,10
mahavastu toilet remedies,20,,LOW,5,,,20,40
mahavastu village scene vastu remedy painting,70,,HIGH,96,0.02,,170,170
mahesh gyani vastu remedies,30,,LOW,17,0.35,,30,70
main door entrance south west direction remedies,10,,LOW,0,,,10,10
makar rashi career,70,,LOW,1,,,70,90
makar rashi government job,10,,LOW,0,,,10,20
makar rashi job,20,,LOW,0,,,20,30
makara rasi 2023 career,10,,,,,,0,10
makara rasi career 2023,0,,,,,,0,0
mal de ojo remedies,,,,,,,,
malefic jupiter remedies,40,,LOW,1,,,30,50
malefic ketu remedies,10,,LOW,0,,,10,30
malefic mars remedies,10,,LOW,0,,,10,20
malefic mercury remedies,20,,LOW,1,,,30,30
malefic moon remedies,30,,LOW,2,,,30,40
malefic rahu remedies,30,,LOW,5,,,20,50
malefic saturn remedies,20,,LOW,2,,,10,30
malefic venus remedies,20,,LOW,0,,,20,50
mangal dasha remedies,20,,LOW,3,,,30,30
mangal dosha mantra,480,,LOW,1,,,140,880
mangal grah dosh nivaran mantra,10,,LOW,0,,,10,10
mangal grah mantra,1900,,LOW,0,,,1900,2400
mangal grah shanti mantra,90,,LOW,0,,,70,110
mangal grah tantrik mantra,20,,LOW,0,,,10,50
mangal grah yantra,90,,HIGH,84,0.01,,110,110
mangal graha effects,40,,LOW,0,,,40,70
mangal graha mantra,1900,,LOW,0,,,1900,2400
mangal graha remedies,50,,LOW,1,,,50,70
mangal graha shanti mantra,40,,LOW,0,,,20,70
mangal in 12th house remedies,10,,LOW,5,,,10,20
mangal in 8th house remedies,10,,LOW,7,,,10,20
mangal jaap,110,,LOW,0,,,110,170
mangal jaap mantra,1000,,LOW,0,,,1000,1000
mangal ka tantrik mantra,90,,LOW,0,,,110,140
mangal ke beej mantra,40,,LOW,0,,,40,70
mangal lal kitab,10,,LOW,0,,,10,10
mangal navagraha mantra,20,,LOW,1,,,20,40
mangal remedies in astrology,20,,LOW,0,,,20,40
mangal remedies lal kitab,140,,LOW,1,,,110,210
mangal shanti mantra,170,,LOW,1,,,110,590
mangal tantrik mantra,70,,LOW,0,,,90,90
mangal vedic mantra,110,,LOW,0,,,70,110
mangal yantra mantra,90,,LOW,2,,,70,170
mangal yantra mantra in hindi,10,,LOW,0,,,10,20
mangal yantra online,10,,HIGH,100,0.14,,40,40
mangal yantra pendant,110,,HIGH,100,0.09,,20,210
mantra for mangal dosh,720,,LOW,0,,,10,1600
mantra for navagraha,18100,,LOW,0,,,18100,27100
mantra for rahu and ketu,1300,,LOW,0,0.16,,1600,1600
mantra for rahu dosha,10,,LOW,0,,,10,20
mantra for rahu mahadasha,140,,LOW,1,,,260,260
mantra for rahu shanti,720,,LOW,1,3.65,,720,880
mantra for saturn,260,,LOW,0,,,260,390
mantra for shani graha,210,,LOW,0,,,140,260
mantra for shukra,12100,,LOW,0,0.02,,12100,14800
mantra for venus,1300,,LOW,0,,,1000,1600
mantra to make venus strong,20,,LOW,1,,,20,30
mantra to remove rahu dosha,10,,LOW,3,,,10,20
march 2022 career horoscope,,,,,,,,
march career horoscope,10,,,,,,0,10
march career horoscope 2022,0,,,,,,0,0
march libra career horoscope,10,,,,,,0,10
march virgo career horoscope 2022,0,,,,,,0,0
markesh dasha remedies,10,,LOW,0,,,10,20
marketing career astrology,10,,,,,,0,10
marriage during rahu mahadasha,20,,LOW,1,,,30,30
mars and saturn in 7th house remedies,10,,LOW,2,,,10,10
mars astrology remedies,90,,LOW,1,,,110,110
mars beej mantra,390,,LOW,0,,,390,480
mars career astrology,40,,LOW,0,,,30,90
mars dosha remedies,260,,LOW,3,0.03,,210,320
mars in 12th house lal kitab,30,,LOW,0,,,20,50
mars in 12th house remedies,70,,LOW,1,,,50,110
mars in 1st house lal kitab,20,,LOW,0,,,10,30
mars in 1st house remedies,10,,LOW,0,,,10,20
mars in 2nd house lal kitab,20,,LOW,0,,,10,30
mars in 2nd house remedies,30,,LOW,1,,,20,40
mars in 3rd house lal kitab,20,,LOW,1,,,20,40
mars in 4th house lal kitab,20,,LOW,0,,,10,30
mars in 4th house remedies,30,,LOW,0,,,20,50
mars in 5th house lal kitab,20,,LOW,0,,,20,20
mars in 5th house remedies,20,,LOW,0,,,30,40
mars in 6th house lal kitab,20,,LOW,0,,,10,30
mars in 6th house remedies,30,,LOW,1,,,20,50
mars in 7th house lal kitab,20,,LOW,0,,,10,50
mars in 7th house remedies,40,,LOW,0,,,40,70
mars in 7th house woman remedies,10,,LOW,0,,,10,20
mars in 8th house lal kitab,30,,LOW,0,,,20,50
mars in 8th house remedies,70,,LOW,0,,,70,110
mars in 9th house lal kitab,10,,LOW,0,,,10,20
mars in aries career,10,,LOW,0,,,10,10
mars in capricorn career,10,,LOW,0,,,10,10
mars in taurus career,10,,LOW,0,,,10,10
mars in virgo career,10,,LOW,0,,,10,10
mars ketu conjunction lal kitab,20,,LOW,0,,,10,40
mars ketu conjunction remedies,70,,LOW,1,,,40,90
mars mahadasha ketu antardasha remedies,10,,LOW,0,,,10,10
mars mahadasha rahu antardasha remedies,20,,LOW,0,,,20,30
mars mahadasha remedies,40,,LOW,1,,,30,50
mars mantra,390,,LOW,0,,,320,480
mars planet remedies,480,,LOW,0,,,480,590
mars profession in astrology,50,,LOW,0,,,30,70
mars rahu conjunction in 8th house remedies,30,,LOW,1,,,20,50
mars rahu conjunction remedy,90,,LOW,0,,,50,140
mars related jobs in astrology,30,,LOW,0,,,10,40
mars related profession in astrology,90,,LOW,0,,,110,110
mars remedies for marriage,20,,LOW,4,,,10,20
mars remedies vedic astrology,20,,LOW,1,,,30,30
mars retrograde remedies,10,,LOW,0,,,10,20
mars yantra,260,,LOW,23,0.34,,110,320
master bedroom in north east remedies,10,,LOW,4,,,10,20
master bedroom in north west vastu remedies,20,,LOW,1,,,20,40
master ek spiritual astrology,10,,LOW,0,,,10,10
master shivadurga astrologer love psychic & spiritualist,0,,,,,,0,0
mata amritanandamayi horoscope,10,,LOW,0,,,10,20
may 2022 career horoscope,10,,,,,,0,10
may career horoscope,10,,,,,,0,10
may career horoscope 2022,0,,,,,,0,0
may libra career horoscope,10,,,,,,0,10
may virgo career horoscope,10,,,,,,0,10
meen rashi foreign travel 2022,0,,,,,,0,0
mercury and mars conjunction remedies,10,,,,,,0,10
mercury in 10th house lal kitab,20,,LOW,0,,,20,30
mercury in 11th house lal kitab,20,,LOW,1,,,30,30
mercury in 12th house lal kitab,20,,LOW,0,,,10,40
mercury in 1st house lal kitab,20,,LOW,2,0,,20,20
mercury in 3rd house lal kitab,10,,LOW,0,,,10,10
mercury in 4th house lal kitab,20,,LOW,0,,,10,30
mercury mahadasha jupiter antardasha remedies,10,,LOW,10,,,10,20
mercury mahadasha ketu antardasha remedies,20,,LOW,0,,,10,30
mercury mahadasha saturn antardasha remedies,20,,LOW,3,,,10,20
mercury planet remedies,720,,LOW,1,0.01,,590,880
mercury rahu conjunction remedies,40,,LOW,0,,,30,70
mercury remedies for marriage,10,,LOW,29,0.86,,10,30
mercury remedy in astrology,90,,LOW,1,,,40,140
mesha rashi career,10,,LOW,0,,,10,10
metaphysics of astrology,10,,,,,,0,10
military career astrology,10,,,,,,0,10
mirror on south wall vastu remedies,20,,LOW,1,,,20,30
mirror remedy vastu,10,,LOW,1,,,10,10
modeling career astrology,10,,LOW,0,,,10,10
monthly career horoscope 2022,0,,,,,,0,0
monthly career horoscope capricorn,10,,,,,,0,10
monthly career horoscope sagittarius,30,,LOW,0,,,20,50
monthly career horoscope taurus,30,,LOW,1,,,20,70
monthly taurus career horoscope,30,,LOW,1,,,20,70
moon and ketu in 6th house remedies,20,,LOW,0,,,10,30
moon and ketu in 8th house remedies,20,,LOW,0,,,10,50
moon and rahu in 6th house remedies,20,,LOW,4,0.36,,20,40
moon beej mantra,880,,LOW,0,,,590,1000
moon career astrology,20,,LOW,0,,,30,70
moon dasha remedies,110,,LOW,2,0.36,,70,140
moon in 11th house lal kitab,30,,LOW,3,0.01,,20,50
moon in 12th house lal kitab,30,,LOW,1,,,20,40
moon in 12th house remedies,70,,LOW,0,,,70,110
moon in 1st house remedies,30,,LOW,0,,,20,40
moon in 6th house remedies,90,,LOW,1,,,50,110
moon in 8th house lal kitab,40,,LOW,0,,,30,50
moon in 8th house remedies,110,,LOW,1,0.01,,110,140
moon in pisces career,10,,LOW,0,,,10,10
moon in scorpio career,10,,LOW,0,,,10,10
moon in scorpio remedies,10,,LOW,0,,,10,20
moon in virgo career,10,,LOW,0,,,10,10
moon ketu conjunction in 1st house remedies,30,,LOW,1,,,20,40
moon ketu conjunction remedies,90,,LOW,0,,,90,140
moon ketu remedies,30,,LOW,0,,,30,50
moon mahadasha ketu antardasha remedies,10,,LOW,2,,,10,20
moon mahadasha rahu antardasha remedies,40,,LOW,1,,,20,50
moon mahadasha remedies,110,,LOW,2,0.36,,70,140
moon mahadasha saturn antardasha remedies,20,,LOW,0,,,20,40
moon mahadasha venus antardasha remedies,10,,LOW,0,,,10,20
moon mantra jaap,90,,LOW,0,,,50,210
moon planet remedies,30,,LOW,0,,,20,40
moon profession astrology,10,,LOW,0,,,10,10
moon rahu conjunction in 4th house remedies,20,,LOW,1,,,20,30
moon rahu conjunction remedies,110,,LOW,0,,,70,140
moon rahu dasha remedies,10,,LOW,0,,,10,10
moon rahu remedies,40,,LOW,0,,,40,50
moon related career in astrology,20,,LOW,0,,,20,40
moon related jobs in astrology,30,,LOW,0,,,30,50
moon remedies astrology,70,,LOW,2,,,40,110
moon remedies in astrology,90,,LOW,0,,,70,170
moon sign career horoscope,10,,MEDIUM,57,,,10,20
moon sign careers,10,,,,,,0,10
moon weak remedies,30,,LOW,1,,,20,40
moon yantra,880,,LOW,15,0.05,,880,2400
most effective remedy for rahu,10,,LOW,6,0.02,,10,20
most powerful navagraha mantra,70,,LOW,0,,,90,90
most powerful rahu mantra,30,,LOW,0,,,20,50
most powerful shukra mantra,20,,LOW,0,,,30,30
msn career horoscope,10,,,,,,0,10
my business horoscope,10,,LOW,14,,,10,10
my career according to astrology,10,,MEDIUM,52,,,10,30
my career as per astrology,10,,LOW,33,0.01,,10,10
my career astrology by date of birth free,10,,HIGH,71,,,10,10
my career astrology free,10,,MEDIUM,48,0.14,,10,10
my career based on birth chart,10,,LOW,3,,,10,10
my career horoscope 2022,0,,,,,,0,0
my career horoscope 2022 by date of birth,0,,,,,,0,0
my career horoscope by date of birth,20,,MEDIUM,50,0.16,,20,40
my career horoscope by date of birth and time,10,,,,,,0,10
my career horoscope free,10,,LOW,18,0.01,,10,10
my career in astrology,10,,HIGH,86,,,10,10
my career kundali,10,,HIGH,67,0.06,,10,10
my career prediction by date of birth,10,,MEDIUM,50,0.23,,10,20
my career prediction by date of birth free,40,,MEDIUM,45,0.26,,30,50
my career prediction free,10,,LOW,20,0.04,,10,20
my future career astrology,10,,LOW,14,0.45,,10,40
my future career horoscope,10,,,,,,0,10
my future career prediction free,20,,LOW,6,0.45,,20,50
my future job astrology,10,,LOW,25,0.01,,10,10
my future job astrology by date of birth,10,,,,,,0,10
my future job prediction by date of birth,10,,MEDIUM,43,0.03,,10,20
my future prediction astrology,70,,LOW,4,0.56,,50,110
my future profession prediction,10,,,,,,0,10
my horoscope career,70,,MEDIUM,39,0.11,,70,90
my horoscope for job,10,,MEDIUM,40,0.01,,10,10
my job astrology,10,,HIGH,80,0.21,,10,20
my job career horoscope,10,,,,,,0,10
my job horoscope,70,,MEDIUM,39,0.11,,70,90
my job prediction astrology,10,,MEDIUM,45,0.16,,10,20
my profession astrology,10,,LOW,5,,,10,10
my work horoscope,10,,HIGH,86,,,10,10
n1 entrance vastu remedies,40,,LOW,4,,,30,50
n6 entrance vastu remedies,40,,LOW,1,,,20,70
n7 entrance vastu remedies,50,,LOW,6,,,50,70
n8 entrance vastu remedies,40,,LOW,1,,,30,70
nadi dosh solution in hindi,10,,LOW,1,,,10,10
nadi dosha remedies in lal kitab,10,,,,,,0,10
nakshatra remedies,70,,LOW,1,,,50,90
natal chart and career,0,,,,,,0,0
natal chart career predictions,10,,LOW,0,,,10,10
natal chart career reading,0,,,,,,0,0
natal chart for career,10,,,,,,0,10
natal chart job,0,,,,,,0,0
natal chart profession,10,,,,,,0,10
naukri astrology,10,,LOW,8,0.01,,10,10
naukri yantra,90,,LOW,0,,,90,110
navagraha beej mantra in english,90,,LOW,0,,,70,210
navagraha beej mantra in english pdf,40,,LOW,0,,,50,50
navagraha beej mantra in kannada pdf,20,,LOW,0,,,30,40
navagraha beej mantra pdf,20,,LOW,0,,,10,50
navagraha bija mantra,110,,LOW,0,,,110,170
navagraha dosha remedies,20,,LOW,0,,,10,20
navagraha dosha remedies in telugu,10,,LOW,0,,,10,10
navagraha gayatri mantra,880,,LOW,0,,,720,1000
navagraha japa mantra,40,,LOW,0,,,40,50
navagraha kannada mantra,10,,LOW,0,,,10,10
navagraha mantra english,480,,LOW,0,,,320,590
navagraha mantra in english pdf,10,,LOW,0,,,10,20
navagraha mantra kannada,1000,,LOW,0,,,1000,1300
navagraha mantra pdf in english,70,,LOW,0,,,30,110
navagraha mantra to remove obstacles in life,110,,LOW,0,,,110,170
navagraha moola mantra,110,,LOW,0,,,90,140
navagraha shukra mantra,20,,LOW,0,,,10,30
navagraha yantra,3600,,HIGH,94,0.02,,2900,4400
navgrah beej mantra,4400,,LOW,0,,,4400,5400
navgrah shabar mantra,90,,LOW,0,,,140,140
navgrah shanti mantra in english,20,,LOW,0,,,20,30
nazar dosh ke upay in hindi,70,,LOW,0,,,10,170
nazar dosh remedies,140,,LOW,32,0.04,,140,320
nazar how to remove,30,,LOW,6,0.01,,40,40
nazar lagna remedies,10,,LOW,0,,,10,20
nazar remedies,50,,LOW,11,0.01,,50,70
ne toilet remedy,20,,LOW,12,0.44,,30,30
neech shukra remedies,10,,LOW,8,0.02,,10,20
negative rahu remedies,20,,LOW,0,,,10,30
new job astrology,10,,LOW,13,0.01,,20,20
new job horoscope,10,,LOW,14,,,10,20
new job prediction by date of birth,20,,MEDIUM,47,0.19,,20,30
next week aquarius career horoscope,90,,LOW,0,,,90,110
next week aries career horoscope,20,,LOW,0,,,10,70
next week cancer career horoscope,20,,LOW,0,,,40,40
next week capricorn career horoscope,10,,LOW,0,,,10,10
next week career horoscope,40,,LOW,0,,,40,70
next week career horoscope virgo,10,,,,,,0,10
next week gemini career horoscope,140,,LOW,1,,,90,260
next week horoscope gemini career,10,,,,,,0,10
next week libra career horoscope,260,,LOW,0,,,210,390
next week sagittarius career horoscope,210,,LOW,0,,,260,320
next week taurus career horoscope,260,,LOW,0,,,260,390
next week virgo career horoscope,40,,LOW,0,,,40,90
nne toilet remedy,20,,LOW,7,,,10,40
nnw toilet remedy,10,,LOW,8,,,10,20
north bedroom vastu remedies,10,,LOW,0,,,10,20
north cut vastu remedies,40,,LOW,10,,,20,50
north direction vastu remedies,40,,LOW,2,,,40,50
north east bathroom feng shui,10,,LOW,0,,,10,10
north east bathroom remedies,140,,LOW,15,0.03,,90,170
north east bathroom vastu remedies,720,,LOW,11,0.13,,880,880
north east bedroom for couples remedies,20,,LOW,4,,,10,30
north east bedroom vastu remedies,170,,LOW,10,0.23,,140,210
north east corner bedroom vastu remedies,10,,LOW,0,,,10,20
north east corner cut in flat,90,,LOW,0,,,70,110
north east corner cut vastu remedies,30,,LOW,4,,,50,50
north east corner staircase vastu,30,,LOW,0,,,30,40
north east corner toilet remedy,10,,LOW,20,0,,10,20
north east corner vastu remedies,140,,LOW,16,0.12,,170,170
north east cut in flat vastu,20,,LOW,0,,,10,30
north east cut remedies,70,,LOW,22,,,50,90
north east cut vastu remedies,90,,LOW,30,0.03,,90,110
north east garage vastu remedies,10,,,,,,0,10
north east kitchen remedies in hindi,10,,LOW,0,,,10,10
north east kitchen vastu dosh remedies,10,,LOW,0,,,10,10
north east kitchen vastu remedies and tips,20,,LOW,6,,,20,30
north east master bedroom vastu,110,,LOW,1,,,90,170
north east master bedroom vastu remedies,30,,LOW,4,0.01,,50,50
north east remedies,30,,LOW,14,0.1,,20,50
north east septic tank remedies,20,,LOW,0,,,20,30
north east staircase vastu remedy,170,,LOW,0,,,170,210
north east staircase vastu remedy in hindi,20,,LOW,0,,,10,50
north east stairs remedy,30,,LOW,5,,,20,50
north east stairs vastu,260,,LOW,0,,,210,320
north east toilet remedies,720,,LOW,27,0.33,,720,880
north east toilet vastu,720,,LOW,3,,,590,1000
north east toilet vastu remedies,720,,LOW,11,0.13,,880,880
north east toilet vastu remedies in hindi,40,,LOW,0,,,20,50
north east vastu defects,10,,LOW,0,,,10,10
north east vastu dosh,50,,LOW,3,0.25,,30,70
north east vastu dosh remedies,20,,MEDIUM,39,,,20,20
north east vastu remedies,50,,HIGH,84,0.12,,50,70
north facing house vastu remedies,170,,LOW,1,,,210,260
north facing kitchen vastu remedies,110,,LOW,0,,,170,170
north kitchen vastu remedies and tips,10,,,,,,0,10
north side bathroom vastu,90,,LOW,0,,,70,140
north side kitchen vastu remedies,20,,LOW,0,,,10,50
north side staircase vastu,70,,LOW,0,,,70,90
north side toilet vastu remedy,20,,LOW,23,,,30,30
north staircase vastu remedy,40,,LOW,1,,,20,50
north toilet remedies,10,,LOW,0,,,10,20
north toilet vastu remedy,20,,LOW,16,,,10,30
north vastu dosh,10,,LOW,0,,,10,10
north vastu dosh remedies,10,,MEDIUM,60,0.03,,10,10
north vastu remedies,20,,HIGH,71,0.56,,20,30
north west bedroom remedies,10,,LOW,2,,,10,10
north west bedroom vastu remedies,70,,LOW,1,,,70,110
north west corner cut vastu remedies,40,,LOW,8,,,40,50
north west corner extended plot vastu remedies,10,,LOW,1,,,10,20
north west corner vastu remedies,20,,LOW,14,,,10,70
north west cut vastu remedies,20,,MEDIUM,34,,,20,30
north west entrance flat vastu remedies,170,,LOW,2,,,70,260
north west entrance vastu remedy,320,,LOW,3,,,70,590
north west extended plot vastu remedies,50,,LOW,1,,,40,70
north west facing house vastu remedy,110,,LOW,1,,,70,260
north west facing main door vastu remedies,10,,,,,,0,10
north west kitchen vastu remedies,210,,LOW,2,0.16,,140,390
north west master bedroom vastu remedies,20,,LOW,1,,,20,40
north west slope vastu remedies,10,,,,,,0,10
north west staircase vastu remedy,90,,LOW,0,,,70,140
north west toilet remedies,50,,LOW,5,,,70,70
north west toilet vastu remedies,50,,LOW,3,1.15,,50,70
north west vastu dosh,20,,LOW,4,,,20,30
north west vastu dosh remedies,10,,MEDIUM,50,,,10,10
north west vastu remedies,50,,HIGH,80,0.02,,50,70
northeast bathroom remedy,30,,HIGH,73,0.08,,30,40
northeast bedroom vastu remedies,10,,LOW,0,,,10,30
northeast staircase vastu,30,,LOW,0,,,20,40
northeast staircase vastu remedy,10,,LOW,1,,,20,30
northwest kitchen feng shui remedy,10,,,,,,0,10
not getting job astrology,10,,LOW,16,0.24,,10,30
november 2022 career horoscope,0,,,,,,0,0
november 5 zodiac careers,0,,,,,,0,0
november aquarius career horoscope,0,,,,,,0,0
november career horoscope,10,,,,,,0,20
november career horoscope 2022,10,,,,,,0,10
november gemini career horoscope,10,,LOW,0,,,10,10
november libra career horoscope,10,,,,,,0,30
november virgo career horoscope,10,,,,,,0,20
numerology foreign travel,10,,,,,,0,10
occupation astrology,10,,LOW,0,,,10,10
october 2022 career horoscope,0,,,,,,0,0
october career horoscope,10,,LOW,0,,,10,30
october career horoscope 2022,0,,,,,,0,0
october gemini career horoscope,10,,,,,,0,10
october pisces career horoscope,10,,,,,,0,10
october virgo career horoscope,10,,,,,,0,10
office vastu remedies,110,,LOW,7,,,110,260
om rahu mantra,90,,LOW,0,,,110,110
om rahu namah,70,,LOW,0,,,50,110
one mantra for all nine planets,40,,LOW,0,,,20,70
one remedy for all planets in hindi,10,,,,,,0,10
one remedy for all vastu dosh,170,,LOW,33,0.3,,110,210
online astrology consultation job,10,,,,,,0,10
online astrology for job,10,,LOW,0,,,10,10
online astrology job prediction,20,,LOW,0,,,10,90
online career horoscope,20,,MEDIUM,63,,,10,40
online career prediction,10,,LOW,31,0.13,,20,20
online career prediction by date of birth,10,,MEDIUM,54,0.21,,10,10
online horoscope career prediction,10,,LOW,29,0.14,,10,10
online horoscope for job,10,,LOW,0,,,10,10
online jathakam for job,10,,LOW,0,,,10,10
online job prediction by date of birth,10,,LOW,0,,,10,20
online jobs for astrologers,10,,LOW,0,,,10,20
online kundali career,10,,LOW,24,0.06,,10,10
online kundali for career,10,,MEDIUM,42,0.09,,20,20
online kundali for govt job,10,,,,,,0,10
online kundali for job,10,,LOW,0,,,10,20
online kundali reading for career,10,,MEDIUM,49,0.08,,10,10
online kundli career prediction,10,,,,,,0,10
online kundli career prediction free,20,,MEDIUM,36,,,10,40
online kundli for government job,10,,LOW,0,,,10,20
online kundli for job,10,,LOW,0,,,10,10
online kundli for job in hindi,10,,LOW,0,,,10,10
online kundli job prediction,10,,LOW,0,,,20,20
online kundli prediction about career,10,,MEDIUM,33,0.35,,10,10
online telugu jathakam for job,10,,LOW,0,,,10,10
ox horoscope 2022 career,0,,,,,,0,0
pandit sanjay rath vedic remedies in astrology,10,,LOW,0,,,10,10
pankit goyal remedies,170,,LOW,1,1.16,,210,210
part time astrology jobs,20,,LOW,0,,,20,30
permanent foreign settlement astrology,170,,LOW,6,0.29,,140,210
permanent settlement abroad astrology,10,,LOW,0,,,10,10
personal career horoscope,10,,HIGH,86,0.16,,10,20
pilot career astrology,10,,,,,,0,10
pisces 2022 horoscope for students,0,,,,,,0,0
pisces 2023 career,0,,,,,,0,0
pisces 2023 horoscope career,0,,,,,,0,0
pisces abroad travel horoscope 2022,0,,,,,,0,0
pisces and spirituality,20,,LOW,0,,,30,30
pisces and the spiritual world,10,,,,,,0,10
pisces april 2022 career horoscope,10,,,,,,0,10
pisces april career horoscope,10,,,,,,0,30
pisces april career horoscope 2022,0,,,,,,0,0
pisces aries cusp jobs,0,,,,,,0,0
pisces business horoscope,10,,LOW,7,,,10,10
pisces career 2023 horoscope,0,,,,,,0,0
pisces career april,10,,,,,,0,10
pisces career daily,10,,LOW,0,,,10,20
pisces career december 2022,0,,,,,,0,0
pisces career horoscope 2021,10,,,,,,0,10
pisces career horoscope 2022 august,0,,,,,,0,0
pisces career horoscope 2022 september,0,,,,,,0,0
pisces career horoscope 2023,10,,,,,,0,10
pisces career horoscope april 2022,0,,,,,,0,0
pisces career horoscope august 2022,0,,,,,,0,0
pisces career horoscope december 2022,10,,,,,,0,10
pisces career horoscope february 2022,0,,,,,,0,0
pisces career horoscope for tomorrow,880,,LOW,0,,,590,1300
pisces career horoscope january 2022,0,,,,,,0,0
pisces career horoscope january 2023,10,,,,,,0,10
pisces career horoscope july 2022,0,,,,,,0,0
pisces career horoscope next month,20,,LOW,2,,,10,30
pisces career horoscope next week,70,,LOW,0,,,70,110
pisces career horoscope october 2022,10,,,,,,0,10
pisces career horoscope this week,390,,LOW,0,,,320,590
pisces career in 2023,0,,,,,,0,0
pisces career january 2023,0,,,,,,0,0
pisces career july,10,,,,,,0,10
pisces career july 2022,0,,,,,,0,0
pisces career june,10,,,,,,0,10
pisces career march 2022,0,,,,,,0,0
pisces career next week,70,,LOW,0,,,70,110
pisces career november 2022,0,,,,,,0,0
pisces career october 2022,0,,,,,,0,0
pisces career september 2022,10,,,,,,0,10
pisces career today,90,,LOW,0,,,70,140
pisces career tomorrow,40,,LOW,0,,,90,90
pisces career weekly,40,,LOW,0,,,50,50
pisces daily horoscope career,10,,LOW,0,,,10,10
pisces daily work horoscope,1000,,LOW,0,0.24,,1300,1300
pisces december 2022 career horoscope,0,,,,,,0,0
pisces december career horoscope,10,,,,,,0,10
pisces february 2022 career horoscope,0,,,,,,0,0
pisces february 2023 career horoscope,10,,,,,,0,10
pisces february career horoscope,10,,,,,,0,20
pisces future career,20,,LOW,0,,,10,30
pisces future job,10,,LOW,0,,,10,10
pisces horoscope career 2023,0,,,,,,0,0
pisces horoscope career tomorrow,10,,LOW,0,,,10,20
pisces horoscope next week career,20,,LOW,0,,,30,30
pisces january 2023 career horoscope,0,,,,,,0,0
pisces job horoscope 2023,10,,,,,,0,10
pisces march career horoscope,10,,,,,,0,20
pisces monthly career,10,,LOW,0,,,10,20
pisces next week career,70,,LOW,0,,,70,110
pisces next week career horoscope,210,,LOW,0,,,110,320
pisces november 2022 career horoscope,0,,,,,,0,0
pisces november career,10,,,,,,0,10
pisces october 2022 career,0,,,,,,0,0
pisces october 2022 career horoscope,10,,,,,,0,10
pisces october 2022 horoscope career,0,,,,,,0,0
pisces october career horoscope,10,,,,,,0,10
pisces september 2022 horoscope career,0,,,,,,0,0
pisces spiritual horoscope,10,,,,,,0,10
pisces student horoscope,10,,LOW,0,,,10,10
pisces student horoscope 2022,0,,,,,,0,0
pisces student horoscope today,70,,LOW,0,,,40,90
pisces today career horoscope,1000,,LOW,0,0.24,,1300,1300
pisces weekly career horoscope 2021,0,,,,,,0,0
pisces weekly horoscope career,390,,LOW,0,,,320,590
pisces work,30,,LOW,0,,,30,50
pisces work horoscope today,90,,LOW,0,,,90,140
planet rahu remedies,30,,LOW,4,0.01,,20,40
planet venus astrological remedies,260,,LOW,1,0.01,,320,320
planetary remedies,50,,LOW,5,,,70,140
pluto mantra,20,,LOW,0,,,10,40
political career astrology,50,,LOW,3,0.05,,30,90
political career astrology by date of birth free,70,,LOW,28,0.12,,50,110
political career by date of birth,10,,LOW,12,0.21,,10,20
political career in astrology,50,,LOW,3,0.05,,30,90
powerful ketu remedies,320,,LOW,1,0.01,,210,390
powerful remedies for rahu,70,,LOW,2,,,20,170
powerful remedy for mars,40,,LOW,0,,,50,50
prashna kundli for job,10,,,,,,0,10
prediction about career horoscope free,0,,,,,,0,0
prediction about job by date of birth,0,,,,,,0,0
profession according to astrology,70,,LOW,26,0.23,,70,110
profession according to kundali,10,,MEDIUM,36,,,10,20
profession according to kundli,10,,,,,,0,10
profession according to zodiac sign,40,,LOW,1,,,70,70
profession as per astrology,10,,LOW,6,,,10,20
profession astrology by date of birth,10,,HIGH,71,0.29,,10,10
profession based on astrology,10,,MEDIUM,57,,,10,10
profession by kundali,10,,LOW,14,,,10,10
profession by zodiac sign,10,,LOW,0,,,10,10
profession horoscope by date of birth,590,,MEDIUM,37,0.13,,590,720
profession in kp astrology,10,,LOW,2,,,10,10
profession in vedic astrology,10,,,,,,0,10
profession prediction by date of birth,2400,,LOW,29,0.17,,2400,2400
profession through astrology,10,,LOW,9,,,10,30
profession year astrology,10,,,,,,0,10
prokerala career horoscope,20,,LOW,7,,,20,30
promotion prediction by date of birth,20,,MEDIUM,44,0.22,,20,30
psychic and astrologer spiritual healer love spells specialist,0,,,,,,0,0
psychic and spiritual healer love spell caster astrologer,,,,,,,,
psychic astrologer and spiritual healer,10,,LOW,0,,,50,50
punarphoo dosha remedy,90,,LOW,1,,,90,140
pyramid for vastu remedies,10,,HIGH,100,,,10,10
rahu 10th house remedies,90,,LOW,1,0.02,,70,110
rahu 11th house remedies,70,,LOW,0,,,70,90
rahu 12th house lal kitab,10,,LOW,0,,,10,20
rahu 12th house remedies,170,,LOW,2,1.46,,170,210
rahu 1st house lal kitab,40,,LOW,0,,,30,70
rahu 1st house remedies,20,,LOW,0,,,20,30
rahu 2nd house lal kitab,40,,LOW,0,,,40,70
rahu 2nd house remedies,90,,LOW,2,0.03,,90,140
rahu 4th house remedies,170,,LOW,2,0.01,,170,210
rahu 7th house lal kitab,10,,LOW,3,,,10,10
rahu 8th house lal kitab,20,,LOW,0,,,20,20
rahu 8th house remedies,50,,LOW,0,,,50,70
rahu and ketu remedies,210,,LOW,1,,,170,260
rahu and mars,320,,LOW,0,,,260,390
rahu and shani remedies,10,,LOW,8,0.46,,20,20
rahu antardasha remedies,110,,LOW,4,0.02,,90,140
rahu beej mantra in english,880,,LOW,0,,,880,1600
rahu beej mantra in hindi,260,,LOW,0,,,390,390
rahu best remedies,590,,LOW,4,0.01,,390,880
rahu bhukti remedies,10,,LOW,21,,,10,20
rahu chanting mantra,40,,LOW,0,,,40,70
rahu dasa ketu bhukti remedies,10,,,,,,0,10
rahu dasa rahu bhukti remedies,10,,LOW,0,,,10,20
rahu dasha mantra,20,,LOW,4,0.93,,20,40
rahu dasha remedies,1600,,LOW,5,0.01,,1300,1900
rahu dasha remedies in hindi,10,,LOW,0,,,10,20
rahu dasha remedies in kannada,20,,LOW,0,,,20,20
rahu dasha shani bhukti remedies,10,,LOW,0,,,10,10
rahu dasha shukra bhukti remedies,10,,,,,,0,10
rahu dev beej mantra,170,,LOW,0,,,170,320
rahu dev mantra,1600,,LOW,0,,,1300,1900
rahu dosh in kundli,10,,LOW,0,,,10,20
rahu dosh nivaran mantra,40,,LOW,4,,,40,110
rahu dosh remedies,40,,LOW,2,,,30,90
rahu dosha meaning,170,,LOW,1,0.01,,210,260
rahu dosha nivaran mantra,10,,,,,,0,10
rahu dosha nivarana mantra,10,,LOW,0,,,10,20
rahu dosha parihara in kannada,90,,LOW,0,,,70,140
rahu dosha parihara mantra,10,,LOW,4,,,10,10
rahu dosha remedies,320,,LOW,3,0.02,,260,390
rahu dosha remedies in kannada,10,,,,,,0,20
rahu dosha remedies in malayalam,10,,,,,,0,10
rahu dosha remedies in telugu,10,,LOW,0,,,10,20
rahu durga mantra,210,,LOW,0,,,260,320
rahu gayatri mantra,3600,,LOW,0,,,2900,6600
rahu grah ka beej mantra,50,,LOW,0,,,70,90
rahu grah ka mantra,320,,LOW,0,,,260,480
rahu graha dosha remedies,320,,LOW,3,0.02,,260,390
rahu graha mantra,320,,LOW,0,,,210,590
rahu graha remedies,70,,LOW,3,,,50,90
rahu graha shanti mantra,40,,LOW,0,,,40,90
rahu home remedies,10,,LOW,0,,,10,20
rahu in 10th house lal kitab,40,,LOW,1,,,30,50
rahu in 10th house remedies,90,,LOW,1,0.02,,70,110
rahu in 11th house lal kitab,40,,LOW,0,,,40,70
rahu in 12 house lal kitab,30,,LOW,0,,,30,40
rahu in 12th house and ketu in 6th house remedies,70,,LOW,0,,,70,90
rahu in 12th house female remedies,10,,LOW,0,,,10,20
rahu in 12th house lal kitab,30,,LOW,0,,,30,40
rahu in 12th house remedies in hindi,10,,LOW,0,,,10,20
rahu in 1st house lal kitab,40,,LOW,0,,,30,70
rahu in 2nd house lal kitab,40,,LOW,0,,,40,70
rahu in 3rd house remedies,30,,LOW,0,,,30,40
rahu in 4th house lal kitab,50,,LOW,0,,,40,70
rahu in 5th house and ketu in 11th house remedies,40,,LOW,1,,,50,70
rahu in 5th house lal kitab,30,,LOW,1,,,10,50
rahu in 6th house remedies,50,,LOW,0,,,50,90
rahu in 7th house lal kitab,30,,LOW,1,,,20,70
rahu in 7th house marriage remedies,10,,LOW,6,,,10,10
rahu in 8th house and ketu in 2nd house remedies,110,,LOW,0,,,70,140
rahu in 8th house lal kitab,40,,LOW,0,,,20,50
rahu in 8th house marriage remedies,10,,LOW,0,,,10,10
rahu in 9th house lal kitab,50,,LOW,0,,,40,70
rahu in first house remedies,20,,LOW,2,,,20,20
rahu in lagna remedies,20,,LOW,0,,,10,20
rahu in sagittarius remedies,10,,LOW,3,,,10,10
rahu in scorpio remedies,10,,LOW,7,,,10,10
rahu in seventh house remedies,260,,LOW,1,0.01,,260,320
rahu jaap,480,,LOW,4,0.54,,480,480
rahu jaap 18000,10,,MEDIUM,50,,,10,10
rahu jaap 72000,10,,LOW,14,,,10,10
rahu jaap mantra,1000,,LOW,1,,,1000,1300
rahu jaap mantra in hindi,40,,LOW,0,,,40,70
rahu japa,40,,LOW,4,0.81,,70,70
rahu japa mantra,1000,,LOW,1,,,1000,1300
rahu ka beej mantra,1900,,LOW,0,,,2400,2400
rahu ka jaap,210,,LOW,1,,,210,260
rahu ka jaap mantra,170,,LOW,0,,,260,260
rahu ka mantra,4400,,LOW,0,,,3600,5400
rahu ka vaidik mantra,390,,LOW,0,,,480,480
rahu kaal remedies,30,,LOW,1,,,20,40
rahu ke beej mantra,110,,LOW,0,,,110,140
rahu ke mantra,390,,LOW,0,,,390,590
rahu ke mantra jaap,20,,LOW,0,,,50,50
rahu ke remedies,10,,LOW,4,,,10,20
rahu ketu beej mantra,390,,LOW,0,,,260,590
rahu ketu dasha remedies,20,,LOW,1,,,20,30
rahu ketu dosha parihara mantra,10,,LOW,0,,,10,10
rahu ketu dosha remedies,140,,LOW,1,,,70,170
rahu ketu jaap,70,,LOW,23,0.75,,110,110
rahu ketu mantra in english,480,,LOW,0,,,720,720
rahu ketu mantra in hindi,90,,LOW,0,,,90,140
rahu ketu mantra in telugu,260,,LOW,0,,,170,390
rahu ketu pooja mantra,10,,LOW,8,,,10,20
rahu ketu remedies,210,,LOW,1,,,170,260
rahu ketu remedies at home,70,,LOW,1,,,30,110
rahu ketu remedies for marriage,10,,LOW,0,,,10,10
rahu ketu shani remedies,30,,LOW,2,,,20,40
rahu ketu shanti path,10,,LOW,13,0.59,,20,20
rahu ketu transit remedies,10,,LOW,0,,,10,10
rahu ketu yantra,390,,HIGH,75,0.02,,390,480
rahu ki mahadasha mein shukra ki antardasha,50,,LOW,0,,,40,50
rahu ki remedies,110,,LOW,1,,,90,140
rahu mahadasha and ketu antardasha remedies,20,,LOW,2,,,20,30
rahu mahadasha chandra antardasha remedies,10,,LOW,0,,,10,10
rahu mahadasha guru antardasha remedies,10,,LOW,9,,,10,10
rahu mahadasha mangal antardasha remedies,20,,LOW,3,,,10,30
rahu mahadasha mercury antardasha remedies,20,,LOW,2,,,10,40
rahu mahadasha moon antardasha remedies,40,,LOW,1,,,30,50
rahu mahadasha rahu antardasha remedies,30,,LOW,5,,,20,40
rahu mahadasha remedies in hindi,40,,LOW,3,,,40,70
rahu mahadasha remedies in telugu,20,,LOW,0,,,10,30
rahu mahadasha remedies lal kitab,10,,LOW,14,,,10,10
rahu mahadasha shukra antardasha remedies,10,,LOW,0,,,10,20
rahu mahadasha sun antardasha remedies,30,,LOW,1,,,20,30
rahu mahadasha venus antardasha remedies,30,,LOW,1,,,30,50
rahu mahamantra,50,,LOW,0,,,40,70
rahu mangal remedies,20,,LOW,0,,,10,20
rahu mantra beej,40,,LOW,0,,,30,70
rahu mantra english,590,,LOW,0,,,210,1000
rahu mantra for going abroad,10,,LOW,0,,,10,20
rahu mantra for marriage,40,,LOW,0,,,30,50
rahu mantra for money,880,,LOW,0,,,590,1000
rahu mantra for share market,10,,LOW,0,,,10,30
rahu mantra for success,90,,LOW,0,,,50,140
rahu mantra in english,1600,,LOW,0,,,1900,2900
rahu mantra in gujarati,30,,LOW,0,,,20,50
rahu mantra in hindi,2400,,LOW,0,0.01,,2400,2900
rahu mantra in kannada,880,,LOW,0,,,720,1900
rahu mantra in malayalam,140,,LOW,0,,,110,170
rahu mantra in telugu,720,,LOW,0,,,590,1300
rahu mantra jaap,2900,,LOW,1,0.35,,2900,3600
rahu mantra lyrics,210,,LOW,0,,,210,390
rahu mars dasha remedies,10,,LOW,14,,,10,10
rahu moola mantra,90,,LOW,0,,,110,140
rahu moon conjunction lal kitab,20,,LOW,0,,,20,30
rahu moon dasha remedies,10,,LOW,11,,,10,20
rahu nivaran mantra,30,,LOW,0,,,50,50
rahu pooja mantra,50,,LOW,5,0.15,,50,70
rahu pratyantar dasha remedies,20,,LOW,0,,,20,30
rahu puja mantra,50,,LOW,5,0.15,,50,70
rahu remedies at home,110,,LOW,3,,,30,170
rahu remedies for career,10,,LOW,5,,,10,30
rahu remedies for health,20,,LOW,2,,,20,30
rahu remedies for job,10,,LOW,2,,,10,10
rahu remedies for students,10,,LOW,0,,,10,20
rahu remedies in hindi,110,,LOW,3,0,,70,170
rahu remedies in telugu,70,,LOW,0,,,70,110
rahu remedies vedic astrology,320,,LOW,0,,,1000,1000
rahu remedy mantra,30,,LOW,4,,,30,40
rahu remedy stone,10,,LOW,14,,,10,20
rahu shani dasha remedies,10,,LOW,2,,,10,20
rahu shani remedies,20,,LOW,2,,,40,40
rahu stotram,2900,,LOW,0,,,2900,2900
rahu strong remedies,40,,LOW,1,,,20,110
rahu tantrik mantra,210,,LOW,1,,,260,260
rahu treatment,10,,LOW,21,,,10,10
rahu upay mantra,10,,LOW,0,,,10,10
rahu vaidik mantra,210,,LOW,0,,,260,260
rahu vastu remedies,20,,LOW,15,,,20,30
rahu venus dasha remedies,10,,LOW,0,,,10,10
rahu weak remedies,10,,LOW,4,,,10,20
rahu yantra in south west,10,,,,,,0,10
rahu yantra mantra,20,,LOW,13,,,10,30
ravi graha effects,10,,LOW,0,,,10,30
remedies during rahu mahadasha,10,,LOW,13,0.01,,10,10
remedies for all planets,10,,LOW,0,,,10,30
remedies for anticlockwise stairs,20,,LOW,2,,,10,30
remedies for bad rahu,40,,LOW,3,0.01,,40,110
remedies for badhaka planet,70,,LOW,0,,,50,110
remedies for bathroom in northeast direction,10,,LOW,0,,,10,10
remedies for bharani nakshatra,40,,LOW,0,,,40,50
remedies for budh graha,10,,,,,,0,10
remedies for chandra grahan dosh in kundli,10,,LOW,0,,,10,50
remedies for dagdha rashi,10,,LOW,0,,,10,10
remedies for daridra yoga,50,,LOW,1,,,70,90
remedies for debilitated jupiter in capricorn,10,,LOW,1,,,10,20
remedies for debilitated moon in scorpio,20,,LOW,0,,,10,30
remedies for delay in marriage due to saturn,10,,,,,,0,10
remedies for evil eye at home,10,,MEDIUM,45,,,10,10
remedies for guru mahadasha and rahu antardasha,10,,,,,,0,10
remedies for jupiter in 6th house,30,,LOW,1,,,30,50
remedies for jupiter saturn conjunction,10,,LOW,0,,,10,10
remedies for ketu in 4th house,110,,LOW,1,,,110,140
remedies for ketu mahadasha in lal kitab,10,,LOW,5,,,10,10
remedies for kitchen in north,40,,LOW,3,,,40,50
remedies for kitchen in south west,170,,LOW,9,0.08,,140,260
remedies for mangal,170,,LOW,2,,,170,210
remedies for mangal graha,50,,LOW,1,,,50,70
remedies for mangal in 12th house,10,,LOW,0,,,10,10
remedies for mars,480,,LOW,0,,,480,590
remedies for mars ketu conjunction,10,,LOW,0,,,10,20
remedies for master bedroom in north east direction,30,,LOW,2,,,20,50
remedies for master bedroom in south east direction,20,,LOW,0,,,10,40
remedies for mithuna lagna,10,,LOW,0,,,10,10
remedies for moon in 4th house,10,,LOW,0,,,10,10
remedies for moon in astrology,10,,LOW,0,,,10,20
remedies for moon rahu conjunction,10,,LOW,1,,,10,20
remedies for mritavastha of planets,0,,,,,,0,0
remedies for nazar dosh,140,,LOW,32,0.04,,140,320
remedies for negative energy,10,,MEDIUM,51,0.2,,20,20
remedies for negative energy in house,10,,MEDIUM,65,0.37,,10,20
remedies for north east bathroom,40,,MEDIUM,39,,,50,50
remedies for north east cut flat,10,,LOW,14,,,10,20
remedies for north east cut house,10,,LOW,31,,,10,20
remedies for north east master bedroom,10,,LOW,4,,,10,20
remedies for north kitchen,40,,LOW,3,,,40,50
remedies for north toilet,50,,LOW,22,,,40,70
remedies for north west facing main door,10,,HIGH,100,,,10,10
remedies for north west kitchen,10,,LOW,3,,,20,20
remedies for overhead tank in north east,10,,LOW,7,,,10,10
remedies for peace and prosperity at home,10,,LOW,4,,,10,10
remedies for rahu dosh,320,,LOW,3,0.02,,260,390
remedies for rahu in 1st house,50,,LOW,1,,,50,70
remedies for rahu in hindi,10,,LOW,7,,,10,20
remedies for rahu mahadasha and ketu antardasha,10,,LOW,6,0,,10,10
remedies for rahu mahadasha and rahu antardasha,10,,LOW,8,,,10,10
remedies for rahu mahadasha and shani antardasha,10,,LOW,3,,,10,10
remedies for rahu moon conjunction,10,,LOW,7,0.85,,10,10
remedies for removing negative energy from home,10,,LOW,16,0.01,,10,20
remedies for retrograde jupiter,30,,LOW,0,,,20,50
remedies for retrograde saturn,30,,LOW,1,0.01,,20,40
remedies for saturn in 12th house,50,,LOW,1,,,50,70
remedies for saturn in 4th house,10,,LOW,0,,,10,20
remedies for saturn in 5th house,50,,LOW,0,,,40,70
remedies for saturn in 7th house,70,,LOW,0,,,70,110
remedies for saturn mahadasha,70,,LOW,4,,,70,90
remedies for saturn moon conjunction,10,,LOW,0,,,10,10
remedies for shani,590,,LOW,1,,,480,2900
remedies for shani antardasha,10,,LOW,4,,,10,10
remedies for shani dasha,590,,LOW,3,0.02,,320,880
remedies for shani graha,40,,LOW,0,,,50,70
remedies for shukra,210,,LOW,2,0.01,,260,260
remedies for shukra dosha,50,,LOW,0,,,30,90
remedies for shukra graha,140,,LOW,1,0.02,,390,390
remedies for shukra mahadasha,70,,LOW,2,0.15,,50,90
remedies for south east bedroom,70,,LOW,3,,,50,110
remedies for south east entrance,110,,LOW,8,0.03,,110,140
remedies for south east facing house,30,,LOW,5,,,20,40
remedies for south east facing office desk,10,,,,,,0,10
remedies for south east master bedroom,10,,LOW,5,,,10,10
remedies for south east toilet,140,,LOW,26,0.35,,110,170
remedies for south facing door,30,,LOW,4,,,20,40
remedies for south facing entrance,10,,LOW,11,,,10,20
remedies for south facing flat,10,,LOW,17,,,10,10
remedies for south facing home,10,,LOW,0,,,10,10
remedies for south facing house,480,,LOW,2,0.05,,720,720
remedies for south facing kitchen,20,,LOW,0,,,20,30
remedies for south facing main door,40,,LOW,7,,,40,70
remedies for south facing office desk,10,,LOW,0,,,10,10
remedies for south facing shop,10,,LOW,0,,,10,10
remedies for south west bathroom,10,,LOW,5,,,10,20
remedies for south west entrance,320,,LOW,22,0.21,,260,320
remedies for south west entrance door,20,,LOW,32,,,10,20
remedies for south west facing door,10,,LOW,32,,,10,10
remedies for south west facing flat,10,,LOW,1,,,10,10
remedies for south west facing house,50,,LOW,20,,,40,70
remedies for south west facing main door,10,,LOW,21,,,10,10
remedies for south west facing office desk,10,,LOW,0,,,10,10
remedies for south west main door,10,,LOW,17,,,10,10
remedies for south west toilet,170,,LOW,19,0.21,,170,210
remedies for southeast bedroom,50,,LOW,1,,,40,70
remedies for southwest entrance,10,,LOW,16,,,10,20
remedies for southwest main door,10,,LOW,17,,,10,10
remedies for staircase in north east,20,,LOW,2,,,10,30
remedies for strong mangal dosha,10,,,,,,0,10
remedies for sun planet,20,,LOW,1,,,10,50
remedies for surya graha,10,,LOW,0,,,10,20
remedies for t junction house,20,,LOW,0,,,10,40
remedies for toilet in east direction,50,,LOW,3,,,20,110
remedies for toilet in north direction,30,,LOW,2,,,20,50
remedies for toilet in northeast direction,10,,LOW,4,,,10,40
remedies for toilet in south east direction,30,,LOW,2,,,20,50
remedies for toilet in south west corner,10,,LOW,0,,,10,20
remedies for uranus in astrology,10,,LOW,2,,,10,10
remedies for vastu defects,10,,LOW,3,,,10,30
remedies for vastu dosh,590,,LOW,27,0.14,,390,1000
remedies for vastu dosh in bedroom,10,,HIGH,69,,,10,10
remedies for vastu dosh in house,50,,MEDIUM,62,0.14,,40,70
remedies for vastu dosh in toilet,20,,MEDIUM,34,0.01,,30,30
remedies for vastu dosha,10,,MEDIUM,43,0.03,,10,10
remedies for venus in 6th house,110,,LOW,2,,,70,170
remedies for venus in 8th house,110,,LOW,2,0.02,,90,140
remedies for venus mahadasha,50,,LOW,5,0.01,,50,70
remedies for weak budh,40,,LOW,1,,,40,70
remedies for weak jupiter,90,,LOW,1,,,50,110
remedies for weak jupiter in horoscope,10,,LOW,0,,,10,20
remedies for weak lagna lord,10,,LOW,0,,,10,20
remedies for weak mars,50,,LOW,0,,,70,70
remedies for weak moon,70,,LOW,1,,,30,110
remedies for weak moon in horoscope,10,,LOW,4,,,10,20
remedies for weak moon in kundli,10,,,,,,0,10
remedies for weak moon in vedic astrology,10,,LOW,2,,,10,10
remedies for weak saturn,10,,LOW,0,,,10,20
remedies for weak shukra graha,10,,,,,,0,10
remedies for weak venus,90,,LOW,2,0.01,,70,140
remedies for weak venus in astrology,10,,LOW,4,,,20,20
remedies for west facing house,40,,LOW,3,,,40,50
remedies for west facing main door,10,,LOW,18,,,10,20
remedies for west facing office desk,10,,LOW,0,,,10,10
remedies in vastu shastra,1900,,MEDIUM,35,0.14,,4400,4400
remedies in vedic astrology pdf,10,,,,,,0,20
remedies of saturn,20,,LOW,3,,,20,40
remedies of shani mahadasha,590,,LOW,3,0.02,,320,880
remedies of shukra graha,10,,LOW,0,,,10,10
remedies of south east vastu defects,10,,LOW,0,,,10,10
remedies of vastu dosh in hindi,0,,,,,,0,0
remedies to please rahu,10,,LOW,11,,,10,10
remedies to remove evil eye,10,,LOW,21,0.42,,10,20
remedies to remove negative energy,10,,LOW,0,,,10,10
remedies to remove negative energy from home,50,,MEDIUM,58,0.22,,50,70
remedies to remove negative energy from house,10,,LOW,0,,,10,10
remedies to remove negativity from home,20,,LOW,14,0.01,,10,30
remedy for bathroom in northeast,10,,LOW,5,,,10,10
remedy for brahmasthan dosh,10,,LOW,16,,,10,20
remedy for daridra yoga in kundli,10,,,,,,0,10
remedy for kitchen and toilet common wall,10,,LOW,3,,,10,20
remedy for kitchen in north direction,20,,LOW,0,,,10,40
remedy for kitchen in north east direction,20,,LOW,12,,,10,40
remedy for mangal grah,10,,LOW,0,,,20,30
remedy for mars saturn conjunction,50,,LOW,0,,,20,70
remedy for mirror on south wall,30,,LOW,6,,,20,50
remedy for negative energy at home,20,,MEDIUM,58,0.04,,20,30
remedy for north east cut,10,,LOW,14,,,10,10
remedy for north west entrance,30,,LOW,27,0.01,,30,50
remedy for shani sade sati,720,,LOW,1,0.02,,1900,1900
remedy for shukra graha dosha,10,,LOW,14,,,10,20
remedy for south balcony,10,,LOW,0,,,10,10
remedy for south east extended plot vastu,10,,LOW,0,,,10,20
remedy for south entrance in vastu,10,,LOW,6,,,10,20
remedy for south facing cooking,10,,LOW,5,,,10,10
remedy for south west door,10,,LOW,12,1.66,,10,20
remedy for south west extended plot vastu,40,,LOW,0,,,10,50
remedy for southwest entrance,10,,LOW,19,0.23,,10,10
remedy for stairs in front of main door,20,,LOW,0,,,20,40
remedy for underground water tank in south east,20,,LOW,0,,,20,40
remedy for underground water tank in south west,10,,LOW,0,,,10,10
remedy for vastu defects in kitchen,0,,,,,,0,0
remedy for wrong vastu house,10,,LOW,3,,,10,10
remedy of rahu dosha,10,,LOW,5,,,10,10
remote astrology jobs,10,,LOW,0,,,10,20
remove evil eye with salt,30,,LOW,3,,,20,50
remove nazar with salt,90,,LOW,0,,,110,110
retrograde jupiter remedies,40,,LOW,1,,,30,70
s5 entrance vastu remedies,50,,LOW,3,,,20,70
sag career horoscope,10,,LOW,0,,,10,10
sag career horoscope 2022,0,,,,,,0,0
sagittarius 2021 career horoscope,0,,,,,,0,0
sagittarius 2022 career,0,,,,,,0,0
sagittarius 2022 career horoscope,10,,,,,,0,10
sagittarius 2022 career predictions,0,,,,,,0,0
sagittarius 2022 horoscope career,0,,,,,,0,0
sagittarius 2022 job horoscope,0,,,,,,0,0
sagittarius 2023 career,10,,,,,,0,10
sagittarius 2023 career horoscope,10,,,,,,0,10
sagittarius 2023 career predictions,0,,,,,,0,0
sagittarius 2023 horoscope career,0,,,,,,0,0
sagittarius and spirituality,10,,,,,,0,10
sagittarius april 2022 career,0,,,,,,0,0
sagittarius april 2022 career horoscope,10,,,,,,0,10
sagittarius april career horoscope,10,,,,,,0,20
sagittarius august 2022 career horoscope,0,,,,,,0,0
sagittarius august career horoscope,10,,LOW,0,,,20,20
sagittarius best profession,10,,LOW,0,,,10,10
sagittarius business horoscope,10,,LOW,0,,,10,10
sagittarius career 2022,0,,,,,,0,0
sagittarius career 2022 horoscope,0,,,,,,0,0
sagittarius career 2023,0,,,,,,0,0
sagittarius career april 2022,0,,,,,,0,0
sagittarius career august 2022,0,,,,,,0,0
sagittarius career daily,40,,LOW,0,,,30,90
sagittarius career daily horoscope,1000,,LOW,0,,,1000,1600
sagittarius career december 2022,0,,,,,,0,0
sagittarius career february 2022,0,,,,,,0,0
sagittarius career horoscope 2021,10,,,,,,0,10
sagittarius career horoscope 2022,10,,,,,,0,10
sagittarius career horoscope 2022 monthly,0,,,,,,0,0
sagittarius career horoscope 2023,10,,,,,,0,10
sagittarius career horoscope april 2022,0,,,,,,0,0
sagittarius career horoscope august 2022,0,,,,,,0,0
sagittarius career horoscope december 2022,0,,,,,,0,0
sagittarius career horoscope february 2022,0,,,,,,0,0
sagittarius career horoscope january 2023,10,,,,,,0,10
sagittarius career horoscope july 2022,0,,,,,,0,0
sagittarius career horoscope june 2022,10,,,,,,0,10
sagittarius career horoscope march 2022,0,,,,,,0,0
sagittarius career horoscope may 2022,0,,,,,,0,0
sagittarius career horoscope monthly,30,,LOW,0,,,20,50
sagittarius career horoscope next week,210,,LOW,0,,,260,320
sagittarius career horoscope november 2022,10,,,,,,0,10
sagittarius career horoscope october 2022,10,,,,,,0,10
sagittarius career horoscope september 2022,10,,,,,,0,10
sagittarius career horoscope this month,30,,LOW,1,,,30,30
sagittarius career horoscope this week,170,,LOW,0,,,170,260
sagittarius career horoscope weekly,170,,LOW,0,,,170,260
sagittarius career in 2022,0,,,,,,0,0
sagittarius career in 2023,0,,,,,,0,0
sagittarius career january 2023,0,,,,,,0,0
sagittarius career july 2022,0,,,,,,0,0
sagittarius career june 2022,0,,,,,,0,0
sagittarius career march 2022,,,,,,,,
sagittarius career may 2022,0,,,,,,0,0
sagittarius career next week,20,,LOW,0,,,20,90
sagittarius career november 2022,0,,,,,,0,0
sagittarius career october 2022,10,,,,,,0,10
sagittarius career september 2022,0,,,,,,0,0
sagittarius career this week,70,,LOW,0,,,90,90
sagittarius career today,110,,LOW,0,,,90,170
sagittarius career tomorrow,40,,LOW,0,,,110,110
sagittarius career weekly,10,,LOW,0,,,20,30
sagittarius career weekly horoscope,170,,LOW,0,,,170,260
sagittarius daily career,40,,LOW,0,,,30,90
sagittarius daily career horoscope 2021,0,,,,,,0,0
sagittarius daily work horoscope,10,,LOW,0,,,10,10
sagittarius december 2022 career horoscope,0,,,,,,0,0
sagittarius december career horoscope,10,,,,,,0,10
sagittarius feb 2022 career horoscope,0,,,,,,0,0
sagittarius february 2022 career horoscope,0,,,,,,0,0
sagittarius foreign travel 2022,0,,,,,,0,0
sagittarius foreign travel horoscope 2022,10,,,,,,0,10
sagittarius future career,20,,LOW,0,,,10,30
sagittarius future job,10,,LOW,0,,,10,20
sagittarius horoscope 2022 career predictions,0,,,,,,0,0
sagittarius horoscope 2022 for students,0,,,,,,0,0
sagittarius horoscope 2023 career,0,,,,,,0,0
sagittarius horoscope april 2022 career,0,,,,,,0,0
sagittarius horoscope august 2022 career,0,,,,,,0,0
sagittarius horoscope career 2022,0,,,,,,0,0
sagittarius horoscope career 2023,10,,,,,,0,10
sagittarius horoscope career today,70,,LOW,0,,,70,90
sagittarius horoscope daily career,10,,LOW,2,,,10,10
sagittarius horoscope july 2022 career,0,,,,,,0,0
sagittarius horoscope june 2022 career,0,,,,,,0,0
sagittarius horoscope next week career,20,,LOW,0,,,20,30
sagittarius horoscope november 2022 career,0,,,,,,0,0
sagittarius horoscope work,10,,LOW,0,,,10,10
sagittarius january 2022 career horoscope,0,,,,,,0,0
sagittarius job career,10,,LOW,0,,,10,30
sagittarius job horoscope,210,,LOW,1,,,260,260
sagittarius job horoscope 2023,0,,,,,,0,0
sagittarius job horoscope today,10,,LOW,0,,,10,20
sagittarius jobs 2022,0,,,,,,0,0
sagittarius july 2022 career horoscope,0,,,,,,0,0
sagittarius july career horoscope,10,,,,,,0,10
sagittarius june 2022 career,,,,,,,,
sagittarius june 2022 career horoscope,0,,,,,,0,0
sagittarius june career 2022,,,,,,,,
sagittarius june career horoscope,10,,,,,,0,20
sagittarius march 2022 career,,,,,,,,
sagittarius march 2022 career horoscope,0,,,,,,0,0
sagittarius march career horoscope,10,,,,,,0,10
sagittarius may 2022 career,0,,,,,,0,0
sagittarius may 2022 career horoscope,0,,,,,,0,0
sagittarius may career horoscope,10,,,,,,0,10
sagittarius monthly horoscope career,30,,LOW,0,,,20,50
sagittarius monthly horoscope career 2022,0,,,,,,0,0
sagittarius new job 2022,0,,,,,,0,0
sagittarius next month career horoscope,10,,LOW,0,,,10,20
sagittarius november 2022 career horoscope,10,,,,,,0,10
sagittarius november career horoscope,10,,,,,,0,10
sagittarius october 2022 career horoscope,10,,,,,,0,10
sagittarius october career horoscope,10,,,,,,0,20
sagittarius profession,110,,LOW,0,,,70,140
sagittarius rising careers,10,,,,,,0,10
sagittarius september 2022 career,0,,,,,,0,0
sagittarius september 2022 career horoscope,0,,,,,,0,0
sagittarius september career horoscope,10,,LOW,0,,,10,10
sagittarius spiritual,10,,LOW,0,,,10,10
sagittarius spiritual awakening,10,,,,,,0,10
sagittarius spiritual gifts,10,,HIGH,71,,,10,10
sagittarius spiritual horoscope,10,,LOW,0,,,10,10
sagittarius spiritual reading,0,,,,,,0,0
sagittarius student horoscope 2023,10,,,,,,0,10
sagittarius this month career,10,,,,,,0,10
sagittarius this week career horoscope,20,,LOW,1,,,30,40
sagittarius today career,110,,LOW,0,,,90,170
sagittarius tomorrow career,40,,LOW,0,,,110,110
sagittarius tomorrow career and finance astrology,10,,,,,,0,10
sagittarius weekly career,10,,LOW,0,,,20,30
sagittarius weekly career horoscope 2022,10,,,,,,0,10
sagittarius weekly horoscope career,170,,LOW,0,,,170,260
sagittarius work,20,,LOW,0,,,10,30
sagittarius work horoscope,210,,LOW,1,,,260,260
sagittarius work horoscope 2022,0,,,,,,0,0
sagittarius work horoscope today,10,,LOW,0,,,10,20
sagittarius work today,10,,,,,,0,10
sagittarius yearly career horoscope,10,,LOW,0,,,10,10
salt for vastu dosh,20,,HIGH,100,0.06,,20,40
salt remedies for vastu,10,,MEDIUM,52,,,10,10
salt remedy for evil eye,20,,LOW,2,,,10,40
salt to remove evil eye,10,,LOW,27,,,10,30
sanctuary astrology jobs,10,,LOW,0,,,10,10
sani dasa remedies,590,,LOW,3,0.02,,320,880
sanjay rath remedies,10,,LOW,7,,,10,20
saraswati mantra for rahu,50,,LOW,0,,,30,110
sarkari naukri astrology,10,,LOW,12,,,10,10
sarkari naukri astrology by date of birth,10,,LOW,32,0.07,,10,10
sarkari naukri in kundli,10,,LOW,0,,,10,10
sarkari naukri kundli,10,,LOW,0,,,10,10
sarva badha mukti yantra,50,,HIGH,94,0.04,,50,90
sarva graha shanti mantra,110,,LOW,0,,,90,170
saturn 4th house remedies,10,,LOW,1,,,20,20
saturn and ketu in 12th house remedies,20,,LOW,0,,,20,30
saturn and ketu in 5th house remedies,30,,LOW,1,,,20,50
saturn and rahu in 12th house lal kitab,20,,LOW,0,,,10,40
saturn and rahu in 5th house remedies,20,,LOW,2,,,30,40
saturn aspects moon remedies,20,,LOW,0,,,20,20
saturn atmakaraka remedies,20,,LOW,0,,,10,30
saturn dosha remedies,10,,LOW,4,,,10,10
saturn in 10th house remedies,30,,LOW,0,,,20,50
saturn in 11th house lal kitab,20,,LOW,3,0.01,,20,40
saturn in 11th house remedies,20,,LOW,0,,,20,20
saturn in 12th house lal kitab,30,,LOW,0,,,20,40
saturn in 1st house lal kitab,20,,LOW,0,,,20,30
saturn in 1st house remedies,50,,LOW,0,,,30,110
saturn in 2nd house lal kitab,20,,LOW,0,,,20,30
saturn in 4th house lal kitab,20,,LOW,0,,,20,20
saturn in 4th house remedies,40,,LOW,0,,,20,90
saturn in 5th house lal kitab,20,,LOW,0,,,20,40
saturn in 6th house lal kitab,30,,LOW,0,,,10,40
saturn in 6th house remedies,40,,LOW,2,,,30,70
saturn in 7th house lal kitab,30,,LOW,0,,,10,50
saturn in 8th house lal kitab,30,,LOW,0,,,20,50
saturn in 8th house remedies,140,,LOW,0,,,140,170
saturn in 9th house lal kitab,20,,LOW,0,,,20,30
saturn in 9th house remedies,40,,LOW,0,,,40,70
saturn in cancer remedies,10,,LOW,0,,,10,10
saturn ketu conjunction lal kitab,30,,LOW,0,,,20,50
saturn ketu conjunction remedies,90,,LOW,1,,,70,110
saturn mahadasha mercury antardasha remedies,20,,LOW,0,,,10,30
saturn mahadasha moon antardasha remedies,20,,LOW,0,,,20,30
saturn mahadasha rahu antardasha remedies,50,,LOW,1,0.32,,70,90
saturn mahadasha sun antardasha remedies,10,,LOW,0,,,10,30
saturn moon conjunction in 1st house remedies,10,,LOW,0,,,10,20
saturn moon conjunction remedies,70,,LOW,1,,,50,90
saturn planet remedies,480,,LOW,1,,,480,590
saturn rahu conjunction lal kitab,20,,LOW,0,,,20,30
saturn rahu conjunction remedies,50,,LOW,1,,,50,90
saturn remedies for health,10,,LOW,0,,,10,30
saturn remedies for job,30,,LOW,0,,,30,40
saturn remedies for marriage,20,,LOW,16,,,20,40
saturn remedies vedic astrology,10,,LOW,3,,,10,20
saturn retrograde remedies,30,,LOW,0,,,30,70
saturn sade sati remedies,20,,LOW,0,,,40,70
saturn yantra,170,,LOW,32,0.01,,90,260
scorpio 2023 finance and career,0,,,,,,0,0
scorpio 2023 horoscope for students,10,,,,,,0,10
scorpio 2024 career horoscope,10,,,,,,0,10
scorpio and spirituality,10,,LOW,0,,,10,30
scorpio april career horoscope 2022,0,,,,,,0,0
scorpio ascendant remedies,10,,LOW,0,,,10,10
scorpio best careers,30,,LOW,0,,,20,50
scorpio business astrology,10,,,,,,0,10
scorpio business horoscope,10,,LOW,0,,,10,10
scorpio career 2023 horoscope,0,,,,,,0,0
scorpio career april 2022,0,,,,,,0,0
scorpio career daily,10,,,,,,0,10
scorpio career december 2022,0,,,,,,0,0
scorpio career february 2022,0,,,,,,0,0
scorpio career february 2023,0,,,,,,0,0
scorpio career horoscope 2020,10,,,,,,0,10
scorpio career horoscope 2021,0,,,,,,0,0
scorpio career horoscope 2022,10,,,,,,0,10
scorpio career horoscope february 2022,0,,,,,,0,0
scorpio career horoscope february 2023,0,,,,,,0,0
scorpio career horoscope january 2023,10,,,,,,0,10
scorpio career horoscope june 2022,10,,,,,,0,10
scorpio career horoscope may 2022,0,,,,,,0,0
scorpio career horoscope monthly,30,,LOW,0,,,20,70
scorpio career horoscope next week,90,,LOW,0,,,140,210
scorpio career horoscope this month,40,,LOW,1,,,20,70
scorpio career horoscope this week,480,,LOW,0,,,390,720
scorpio career horoscope tomorrow,1000,,LOW,0,,,1300,1300
scorpio career horoscope week ahead,20,,LOW,0,,,10,30
scorpio career in 2023,0,,,,,,0,0
scorpio career january 2023,0,,,,,,0,0
scorpio career life,10,,,,,,0,10
scorpio career next week,20,,LOW,0,,,40,40
scorpio career november 2022,0,,,,,,0,0
scorpio career october 2022,0,,,,,,0,0
scorpio career september 2022,0,,,,,,0,0
scorpio career this week,30,,LOW,0,,,30,50
scorpio career today,50,,LOW,0,,,30,70
scorpio career weekly,30,,LOW,0,,,30,50
scorpio daily career horoscope 2020,40,,LOW,0,,,40,50
scorpio daily horoscope career,10,,LOW,1,,,30,30
scorpio daily work horoscope,10,,,,,,0,10
scorpio december 2022 career,0,,,,,,0,0
scorpio december 2022 career horoscope,0,,,,,,0,0
scorpio february 2022 career horoscope,0,,,,,,0,0
scorpio february career horoscope,10,,,,,,0,20
scorpio foreign travel 2022,10,,,,,,0,10
scorpio future career,20,,LOW,0,,,10,30
scorpio future job,10,,LOW,0,,,10,10
scorpio horoscope 2021 career predictions,0,,,,,,0,0
scorpio horoscope 2023 career,10,,LOW,0,,,10,10
scorpio horoscope career 2023,0,,,,,,0,0
scorpio horoscope career november 2022,0,,,,,,0,0
scorpio horoscope career september 2022,0,,,,,,0,0
scorpio horoscope career tomorrow,10,,LOW,0,,,10,10
scorpio horoscope career weekly,480,,LOW,0,,,390,720
scorpio horoscope future career,10,,LOW,0,,,10,10
scorpio horoscope monthly career,30,,LOW,0,,,20,70
scorpio horoscope november 2022 career,0,,,,,,0,0
scorpio horoscope today career in hindi,10,,LOW,0,,,10,10
scorpio horoscope tomorrow for students,140,,LOW,0,,,90,210
scorpio horoscope work,10,,LOW,0,,,10,10
scorpio january 2023 career horoscope,10,,,,,,0,10
scorpio january 2023 horoscope career,0,,,,,,0,0
scorpio job horoscope,260,,LOW,0,,,320,320
scorpio job horoscope 2023,10,,,,,,0,10
scorpio job horoscope today,20,,LOW,0,,,10,40
scorpio july 2022 career horoscope,0,,,,,,0,0
scorpio july career horoscope 2022,0,,,,,,0,0
scorpio june career horoscope 2022,,,,,,,,
scorpio man career,10,,,,,,0,10
scorpio monthly career horoscope 2021,0,,,,,,0,0
scorpio moon careers,10,,LOW,0,,,10,10
scorpio moon sign 2023 career,10,,,,,,0,10
scorpio next week career horoscope,50,,LOW,0,,,70,70
scorpio november 2022 career horoscope,10,,,,,,0,10
scorpio november 2022 horoscope career,0,,,,,,0,0
scorpio november career horoscope,10,,LOW,0,,,10,20
scorpio october 2022 career horoscope,0,,,,,,0,0
scorpio rising careers,10,,LOW,0,,,10,10
scorpio september 2022 horoscope career,0,,,,,,0,0
scorpio september career horoscope 2022,10,,,,,,0,10
scorpio sign career,10,,LOW,0,,,10,10
scorpio spiritual horoscope,10,,,,,,0,10
scorpio this week career horoscope,20,,LOW,2,,,20,20
scorpio today career,50,,LOW,0,,,30,70
scorpio today career horoscope,1000,,LOW,0,0.82,,1300,1300
scorpio tomorrow career,30,,LOW,0,,,40,50
scorpio weekly career,10,,,,,,0,10
scorpio weekly career horoscope 2020,0,,,,,,0,0
scorpio weekly horoscope career,480,,LOW,0,,,390,720
scorpio woman spirituality,10,,LOW,0,,,10,10
scorpio zodiac sign career,20,,LOW,3,,,20,50
sea salt for vastu,480,,HIGH,100,0.05,,480,590
sea salt in vastu shastra,10,,LOW,0,,,10,10
sea salt vastu tips,10,,LOW,0,,,10,20
sea shells vastu shastra remedy,10,,,,,,0,10
september 14 zodiac career,0,,,,,,0,0
september 2022 career horoscope,0,,,,,,0,0
september 6 zodiac career,0,,,,,,0,0
september aries career horoscope,10,,LOW,2,,,10,10
september career horoscope,10,,LOW,0,,,30,30
september career horoscope 2022,0,,,,,,0,0
september leo career horoscope,10,,LOW,0,,,10,20
september pisces career horoscope,10,,LOW,0,,,10,10
september scorpio career horoscope,10,,LOW,0,,,10,10
septic tank in north east corner remedies,30,,LOW,0,,,10,50
settle abroad astrology,10,,LOW,0,,,10,10
settle abroad horoscope,10,,,,,,0,10
settle in foreign country astrology,10,,LOW,0,,,10,10
settling abroad astrology,10,,LOW,0,,,10,10
shakthi astrology astrologer & psychic,0,,,,,,0,0
shani 11th house lal kitab,10,,LOW,0,,,10,10
shani 4th house lal kitab,10,,LOW,0,,,10,20
shani 8th house lal kitab,20,,LOW,0,,,10,20
shani antardasha remedies,40,,LOW,0,,,20,50
shani beej mantra in english,720,,LOW,0,,,720,1000
shani beej mantra in kannada,170,,LOW,0,,,170,320
shani chandra yuti remedies,10,,LOW,0,,,10,10
shani dasha mantra,10,,LOW,0,,,10,20
shani dev yantra,210,,HIGH,93,0.05,,170,260
shani dosha parihara mantra,10,,LOW,0,,,10,10
shani grah ka beej mantra,40,,LOW,0,,,40,70
shani grah mantra,320,,LOW,0,,,320,390
shani grah shanti mantra,40,,LOW,0,,,20,70
shani graha mantra,210,,LOW,0,,,140,260
shani graha mantra in english,20,,LOW,0,,,10,30
shani graha mantra in hindi,10,,LOW,0,,,10,20
shani graha shanti mantra,20,,LOW,0,,,10,30
shani in 10th house lal kitab,10,,LOW,0,,,10,10
shani in 10th house lal kitab in hindi,20,,LOW,0,,,10,40
shani in 10th house remedies,20,,LOW,1,,,20,30
shani in 12th house lal kitab,10,,LOW,0,,,10,10
shani in 2nd house lal kitab,10,,LOW,5,,,10,10
shani in 4th house remedies,30,,LOW,2,,,20,40
shani in 5th house lal kitab,10,,LOW,4,,,10,10
shani in 5th house remedies,50,,LOW,0,,,40,70
shani in 6th house lal kitab,10,,LOW,0,,,10,20
shani in 7th house lal kitab,10,,LOW,4,,,10,10
shani in 7th house remedies,20,,LOW,0,,,10,20
shani in 8th house lal kitab,10,,LOW,0,,,10,20
shani in 8th house remedies,140,,LOW,0,,,140,170
shani jaap 23000,10,,LOW,0,,,10,40
shani ka beej mantra,880,,LOW,0,,,720,1000
shani lal kitab,10,,LOW,0,,,10,10
shani mahadasha ketu antardasha remedies,10,,LOW,0,,,10,20
shani mahadasha rahu antardasha remedies,20,,LOW,0,,,20,30
shani mahadasha remedies in hindi,10,,LOW,0,,,10,10
shani mahadasha remedies lal kitab,10,,,,,,0,10
shani mahadasha venus antardasha remedies,10,,LOW,0,,,10,20
shani mantra for joint pain,10,,LOW,0,,,10,10
shani navagraha mantra,50,,LOW,0,,,30,90
shani rahu dasha remedies,10,,LOW,2,,,10,20
shani rahu ketu mantra,110,,LOW,0,,,210,210
shani rahu shrapit dosha remedies,30,,LOW,1,,,10,40
shani rahu yuti lal kitab,10,,LOW,0,,,10,10
shani rahu yuti remedies,20,,LOW,0,,,10,40
shani remedies for marriage,10,,MEDIUM,35,1.34,,10,20
shani remedy astrology,10,,LOW,2,,,20,20
shani sade sati remedies lal kitab,10,,LOW,9,0.01,,10,20
shani shanti mantra,170,,LOW,1,0.01,,140,210
shani yantra mantra,20,,LOW,0,,,10,30
shatabhisha nakshatra remedies,30,,LOW,0,,,20,50
shrapit dosha remedies,40,,LOW,1,0.01,,30,70
shree mangal yantra,110,,HIGH,79,0.01,,70,170
shukra beej,40,,LOW,0,,,40,90
shukra beej mantra,8100,,LOW,0,,,9900,12100
shukra beej mantra for love,50,,LOW,0,,,40,70
shukra beej mantra in english,480,,LOW,0,,,480,720
shukra bija mantra,110,,LOW,0,,,70,170
shukra dasha rahu bhukti remedies,10,,LOW,0,,,10,10
shukra dasha remedies,70,,LOW,2,0.15,,50,90
shukra gayatri mantra for diabetes,10,,LOW,0,,,10,20
shukra grah remedies,20,,LOW,0,,,10,30
shukra grah shanti mantra,30,,LOW,0,,,20,50
shukra grah yantra,90,,HIGH,96,0.01,,90,140
shukra graha dosha remedies in telugu,10,,LOW,0,,,10,20
shukra graha mantra,1900,,LOW,0,,,1600,1900
shukra graha powerful mantra,10,,LOW,0,,,10,10
shukra graha remedies in telugu,50,,LOW,0,,,50,90
shukra graha shanti mantra,20,,LOW,0,,,30,30
shukra graha yantra,40,,HIGH,95,0.03,,40,50
shukra in 2nd house lal kitab,10,,LOW,0,,,10,10
shukra in 5th house lal kitab,10,,LOW,0,,,10,10
shukra in 6th house lal kitab,10,,LOW,0,,,10,10
shukra in 8th house remedies,10,,LOW,0,,,10,20
shukra in 9th house lal kitab,10,,LOW,0,,,10,10
shukra jaap,110,,LOW,0,,,90,140
shukra mahadasha shani antardasha remedies,10,,LOW,0,,,10,20
shukra mantra beej,20,,LOW,0,,,20,40
shukra mantra for attraction,110,,LOW,0,,,70,170
shukra mantra for beauty,70,,LOW,0,,,20,140
shukra mantra for love marriage in hindi,10,,,,,,0,10
shukra mantra for marriage,70,,LOW,0,,,40,110
shukra mantra for wealth,210,,LOW,0,,,170,320
shukra mantra for wealth in english,10,,LOW,0,,,10,30
shukra mantra jaap,720,,LOW,0,,,720,880
shukra mantra to marry immediately,10,,LOW,0,,,10,10
shukra markesh remedies,10,,LOW,0,,,10,20
shukra navagraha mantra,40,,LOW,0,,,90,90
shukra related jobs,20,,LOW,0,,,10,40
shukra remedies lal kitab,20,,LOW,0,,,10,30
shukra stambhan mantra,10,,LOW,0,,,10,10
shukra tantrik beej mantra,20,,LOW,0,,,10,30
shukra tantrik mantra,140,,LOW,0,,,70,210
shukra vedic mantra,210,,LOW,0,,,210,260
shukra yantra for marriage,10,,MEDIUM,57,,,10,10
shukra yantra in silver,30,,HIGH,100,0.01,,20,40
shukra yantra mantra,30,,LOW,0,,,20,50
shukra yantra online,10,,HIGH,100,0.03,,20,20
siddha rahu yantra,40,,HIGH,100,0.05,,10,70
siddha shukra yantra,30,,HIGH,94,0.03,,30,40
simple remedies for ketu,70,,LOW,1,,,90,110
simple remedies for vastu dosh,10,,,,,,0,10
simple vastu remedies for home,10,,MEDIUM,38,,,10,10
singing career astrology,10,,LOW,0,,,10,10
single mantra for all planets,50,,LOW,0,,,30,110
snake career horoscope 2022,0,,,,,,0,0
snake career horoscope 2023,0,,,,,,0,0
software engineer astrology,10,,LOW,0,,,10,10
solution for manglik and non manglik marriage,50,,LOW,16,0.74,,30,90
solution for south facing house,480,,LOW,2,0.05,,720,720
solution for vastu dosh,10,,,,,,0,10
south backyard vastu remedies,10,,LOW,0,,,10,10
south balcony vastu,110,,LOW,2,,,90,110
south balcony vastu remedies,40,,LOW,1,,,20,50
south bathroom vastu,140,,LOW,1,,,110,170
south corner vastu,50,,LOW,0,,,40,50
south cut vastu,20,,LOW,0,,,10,20
south direction vastu remedies,20,,LOW,12,,,20,30
south door vastu,170,,LOW,1,,,110,210
south door vastu remedies,10,,LOW,3,,,10,20
south east balcony vastu remedies,30,,LOW,1,,,30,40
south east bathroom remedies,90,,LOW,19,,,70,140
south east bathroom vastu,590,,LOW,0,0.01,,390,720
south east bathroom vastu remedies,70,,LOW,12,0.16,,140,140
south east bedroom for couples remedies,20,,LOW,1,,,10,30
south east bedroom remedy according to vastu,10,,LOW,4,,,10,10
south east bedroom vastu,880,,LOW,1,,,720,1000
south east corner bathroom vastu,40,,LOW,0,,,30,70
south east corner bedroom vastu,40,,LOW,1,,,40,70
south east corner cut plot vastu,40,,LOW,0,,,40,50
south east corner cut vastu,70,,LOW,2,,,40,90
south east corner entrance vastu,40,,LOW,1,,,40,50
south east corner extended plot vastu,90,,LOW,0,0.72,,50,110
south east corner extended plot vastu remedies,10,,LOW,0,,,10,10
south east corner flat vastu,20,,LOW,0,,,10,30
south east corner toilet vastu,90,,LOW,0,,,50,110
south east corner vastu remedies,90,,LOW,8,,,70,140
south east cut in flat vastu,10,,LOW,0,,,10,20
south east cut in vastu,10,,LOW,0,,,10,10
south east cut plot vastu,30,,LOW,0,,,20,40
south east cut vastu,110,,LOW,3,,,70,170
south east cut vastu remedies,40,,LOW,11,0.07,,20,50
south east door remedies,10,,LOW,7,0.08,,10,10
south east door vastu remedies,10,,LOW,0,,,10,20
south east entrance flat vastu,70,,LOW,2,,,70,90
south east entrance vastu remedies,170,,LOW,8,0.75,,140,210
south east entrance vastu remedy,10,,MEDIUM,33,,,10,10
south east extended flat vastu,20,,LOW,0,,,10,30
south east extended house vastu remedies,10,,LOW,0,,,10,10
south east extended plot vastu,210,,LOW,1,,,170,260
south east extended plot vastu remedies,30,,LOW,1,,,30,40
south east extension house vastu,20,,LOW,0,,,10,30
south east extension remedies,10,,LOW,14,,,10,10
south east extension vastu,140,,LOW,1,,,140,170
south east extension vastu remedy,90,,LOW,5,0.22,,50,140
south east facing balcony vastu,10,,LOW,2,,,10,20
south east facing flat vastu,50,,LOW,1,,,50,70
south east facing house remedies,30,,LOW,5,,,20,40
south east facing house vastu remedies,20,,LOW,3,,,20,30
south east facing main door vastu remedies,10,,LOW,0,,,10,30
south east flat vastu,20,,LOW,1,,,20,40
south east kitchen vastu remedies,30,,LOW,6,,,10,70
south east living room vastu remedies,10,,LOW,0,,,10,10
south east main door remedies,10,,LOW,16,,,10,10
south east main door vastu remedies,20,,LOW,1,,,10,20
south east master bedroom remedies,10,,LOW,7,,,10,10
south east master bedroom vastu,140,,LOW,1,,,110,170
south east master bedroom vastu remedies,30,,LOW,1,,,20,50
south east me toilet vastu remedies,20,,LOW,0,,,10,30
south east me toilet vastu remedies in hindi,30,,LOW,0,,,10,50
south east pooja room remedies,20,,LOW,1,,,30,30
south east remedies,20,,LOW,5,,,20,30
south east slope vastu remedies,10,,LOW,14,,,10,10
south east staircase vastu remedy,30,,LOW,1,,,30,40
south east toilet vastu,590,,LOW,1,0.77,,480,720
south east toilet vastu remedies,480,,LOW,11,0.16,,720,720
south east toilet vastu remedies in hindi,50,,LOW,1,,,30,110
south east vastu dosh,20,,LOW,3,,,20,50
south east vastu dosh remedies,110,,MEDIUM,40,0.03,,110,110
south east vastu doshas and remedies,10,,,,,,0,10
south east vastu remedies,110,,MEDIUM,40,0.03,,110,110
south east veedhi potu remedies,10,,LOW,0,,,10,10
south entrance door remedies tips,10,,LOW,0,,,10,10
south entrance flat vastu,110,,LOW,1,,,70,170
south entrance remedies,20,,LOW,10,,,10,20
south entrance vastu remedies,70,,LOW,28,0.05,,90,110
south extended plot vastu remedies,10,,LOW,0,,,10,10
south extension vastu,10,,LOW,0,,,10,20
south face flat vastu,14800,,LOW,1,0.35,,12100,18100
south face house vastu remedies,880,,LOW,1,0.12,,1600,1600
south face kitchen vastu,390,,LOW,0,,,590,590
south facing balcony remedies,10,,,,,,0,10
south facing balcony vastu,90,,LOW,1,,,70,110
south facing balcony vastu remedies,50,,LOW,1,,,50,90
south facing cooking vastu,40,,LOW,0,,,30,70
south facing door flat vastu,10,,LOW,0,,,10,10
south facing door vastu remedy,10,,LOW,5,,,10,20
south facing entrance flat vastu,10,,LOW,0,,,10,10
south facing entrance vastu,590,,LOW,1,0.03,,390,720
south facing entrance vastu remedies,10,,LOW,9,,,10,20
south facing flat remedies,10,,LOW,4,,,10,10
south facing flat vastu,14800,,LOW,1,0.35,,12100,18100
south facing flat vastu remedies,40,,LOW,3,,,30,70
south facing home remedies,480,,LOW,2,0.05,,720,720
south facing house toilet vastu,50,,LOW,0,,,30,50
south facing kitchen vastu,390,,LOW,0,,,590,590
south facing kitchen vastu remedies,30,,LOW,0,,,10,90
south facing main door vastu remedies,720,,LOW,16,0.02,,590,880
south facing main door vastu remedies in hindi,10,,LOW,0,,,10,20
south facing office desk remedies,10,,LOW,0,,,10,10
south facing office vastu,210,,LOW,1,,,140,260
south facing vastu remedies,10,,HIGH,71,,,10,10
south facing windows vastu,40,,LOW,0,,,20,50
south kitchen vastu remedies,20,,LOW,5,,,20,40
south main door vastu remedies,10,,LOW,0,,,10,10
south of south east entrance vastu,30,,LOW,0,,,30,40
south of south west vastu,20,,LOW,0,,,10,50
south side balcony vastu remedies,10,,LOW,0,,,10,20
south side door vastu,50,,LOW,0,,,40,70
south side entrance vastu,30,,LOW,1,,,20,50
south slope vastu remedies,20,,LOW,2,,,10,50
south south west direction vastu,140,,LOW,1,,,140,170
south toilet remedy,20,,LOW,3,,,20,30
south toilet vastu,210,,LOW,0,,,140,260
south toilet vastu remedies,40,,LOW,16,,,30,50
south vastu dosh remedies,10,,LOW,0,,,10,10
south wall mirror vastu,90,,LOW,3,0.01,,110,110
south wall mirror vastu remedy,30,,LOW,4,,,20,40
south west balcony remedies,20,,LOW,12,,,20,30
south west balcony vastu,170,,LOW,1,,,170,260
south west balcony vastu remedies,110,,LOW,3,,,70,170
south west bathroom remedy,50,,LOW,10,,,50,70
south west bathroom vastu remedies,70,,LOW,8,,,90,110
south west bedroom vastu remedies,30,,LOW,0,,,20,50
south west corner bedroom vastu,50,,LOW,0,,,110,110
south west corner cut plot vastu,20,,LOW,1,,,10,30
south west corner cut vastu,40,,LOW,1,,,20,70
south west corner cut vastu remedies,50,,LOW,7,,,50,70
south west corner entrance vastu,30,,LOW,1,,,40,40
south west corner extended house vastu,10,,LOW,0,,,10,10
south west corner extended plot vastu,140,,LOW,0,,,90,170
south west corner extended plot vastu remedies,20,,LOW,1,,,10,20
south west corner flat vastu,20,,LOW,1,,,20,30
south west corner house vastu,90,,LOW,1,,,70,110
south west corner kitchen vastu remedies,10,,LOW,5,,,10,20
south west corner plot vastu,390,,LOW,0,,,390,480
south west corner room vastu,10,,LOW,0,,,10,20
south west corner site vastu,390,,LOW,0,,,390,480
south west corner toilet vastu,90,,LOW,0,,,70,110
south west corner toilet vastu remedies,20,,LOW,0,,,20,30
south west corner vastu,1900,,LOW,0,,,1900,2400
south west corner vastu remedies,260,,LOW,4,,,70,480
south west cut plot vastu,20,,LOW,0,,,10,30
south west cut vastu,90,,LOW,1,,,70,110
south west cut vastu remedies,40,,MEDIUM,65,0.21,,30,50
south west direction house vastu,20,,LOW,0,,,10,30
south west direction in vastu,1000,,LOW,0,0.01,,1000,1300
south west door vastu,170,,LOW,1,,,140,210
south west door vastu remedies,30,,LOW,9,,,30,50
south west entrance door remedies tips,10,,LOW,3,,,10,20
south west entrance door vastu remedies,10,,LOW,15,,,10,20
south west entrance flat vastu,20,,LOW,0,,,10,40
south west entrance house vastu,90,,LOW,1,,,50,140
south west entrance vastu,2400,,LOW,1,0.31,,1900,2900
south west entrance vastu remedies,1000,,LOW,20,0.08,,480,1600
south west extended plot vastu,210,,LOW,1,,,170,260
south west extended plot vastu remedies,20,,LOW,1,,,40,40
south west extension vastu remedies,10,,LOW,4,,,10,20
south west face house vastu,1000,,LOW,2,0.2,,720,1000
south west facing door vastu,20,,LOW,8,,,10,30
south west facing flat vastu,210,,LOW,4,0.01,,140,260
south west facing home vastu,210,,LOW,4,0.01,,140,260
south west facing house feng shui remedies,10,,LOW,0,,,10,10
south west facing house vastu remedies,10,,LOW,3,,,10,20
south west facing kitchen vastu,30,,LOW,0,,,10,40
south west facing main door vastu,10,,LOW,0,,,10,20
south west facing main door vastu remedies,90,,LOW,3,0.11,,90,110
south west facing main door vastu remedies in hindi,10,,LOW,0,,,10,10
south west facing office vastu,30,,LOW,4,,,10,40
south west facing plot vastu,70,,LOW,2,,,90,110
south west facing shop vastu,90,,LOW,1,,,70,140
south west facing vastu,10,,LOW,2,,,10,30
south west flat vastu,20,,LOW,5,0.78,,20,30
south west home entrance vastu,50,,LOW,0,,,40,70
south west in vastu,320,,LOW,3,0.07,,320,390
south west kitchen vastu,880,,LOW,1,,,720,1000
south west kitchen vastu remedies in hindi,20,,LOW,0,,,10,30
south west living room vastu remedies,10,,,,,,0,10
south west main door remedies,20,,LOW,8,,,10,20
south west main door vastu,210,,LOW,2,,,170,260
south west main door vastu remedies,40,,HIGH,75,0.08,,50,50
south west main entrance vastu,50,,LOW,1,,,50,70
south west main entrance vastu remedies,10,,LOW,4,,,10,10
south west plot vastu,140,,LOW,1,,,110,210
south west remedies,40,,LOW,6,0.09,,70,70
south west slope vastu remedies,10,,LOW,1,,,10,10
south west toilet vastu,720,,LOW,1,2.17,,480,880
south west toilet vastu remedies,590,,LOW,13,0.07,,590,880
south west toilet vastu remedies in hindi,70,,LOW,1,,,40,140
south west toilet vastu remedies in telugu,10,,LOW,0,,,10,10
south west vastu dosh,40,,LOW,23,,,40,50
south west vastu dosh remedies,20,,LOW,8,,,20,30
south west vastu remedies,70,,HIGH,67,0.14,,50,90
south west vastu shastra,10,,LOW,0,,,10,10
south west vastu tips,20,,LOW,1,,,10,20
south west wall vastu,20,,LOW,4,,,20,40
southeast cut vastu,20,,LOW,2,,,10,30
southeast master bedroom vastu,140,,LOW,1,,,110,170
southeast toilet remedy,20,,MEDIUM,42,0.7,,30,40
southeast toilet vastu,70,,LOW,1,0.21,,90,110
southeast vastu remedies,20,,LOW,26,,,20,30
southwest balcony vastu,40,,LOW,0,,,30,70
southwest cut vastu remedy,20,,MEDIUM,58,,,20,30
southwest door remedies,10,,LOW,0,,,10,20
southwest facing house vastu remedies,10,,LOW,0,,,10,10
southwest main door vastu remedies,70,,LOW,1,,,50,140
southwest toilet remedies,30,,LOW,2,,,30,50
southwest vastu dosh,10,,LOW,1,,,10,20
southwest vastu remedies,20,,MEDIUM,61,0.14,,20,30
spiritual age of aquarius,10,,LOW,0,,,10,20
spiritual aries,10,,LOW,0,,,10,20
spiritual astro,320,,LOW,4,0.09,,210,720
spiritual astrology free reports,0,,,,,,0,0
spiritual astrology horoscope,0,,,,,,0,0
spiritual astrology master ek,10,,LOW,0,,,10,10
spiritual astrology reading,10,,,,,,0,10
spiritual astrology today,10,,LOW,14,,,10,10
spiritual awakening astrology,10,,LOW,0,,,10,30
spiritual awakening in astrology,10,,LOW,0,,,10,10
spiritual design astrology,10,,,,,,0,10
spiritual development through astrology,0,,,,,,0,0
spiritual healer & black magic removal,10,,,,,,0,10
spiritual horoscope cancer,10,,,,,,0,10
spiritual horoscope for today,10,,LOW,0,,,10,10
spiritual horoscope leo,10,,,,,,0,10
spiritual horoscope pisces,10,,,,,,0,10
spiritual horoscope sagittarius,10,,LOW,0,,,10,10
spiritual horoscope taurus,10,,LOW,0,,,10,10
spiritual libra,10,,LOW,0,,,10,20
spiritual moon astrology,10,,,,,,0,10
spiritual pisces,20,,LOW,0,,,30,30
spiritual virgo,30,,LOW,0,,,20,140
spiritual zodiac,10,,LOW,0,,,10,30
spirituality in astrology,90,,LOW,1,0.12,,70,480
spirituality in kp astrology,10,,,,,,0,10
spirituality in vedic astrology,10,,,,,,0,10
sports career astrology,10,,LOW,10,,,10,10
staircase in brahmasthan remedies,20,,LOW,0,,,10,20
staircase in east direction remedy,10,,LOW,0,,,10,30
staircase in north east corner remedies,10,,LOW,0,,,10,10
staircase in north east direction remedy,10,,LOW,0,,,10,10
staircase vastu remedies,170,,LOW,8,,,70,390
stairs vastu dosh remedies,10,,LOW,0,,,10,10
star sign careers,70,,LOW,0,,,40,170
star sign jobs,10,,,,,,0,10
steve jobs astrology chart,480,,LOW,0,,,480,590
steve jobs astrosage,10,,LOW,0,,,10,20
steve jobs birth chart,480,,LOW,0,,,480,590
steve jobs horoscope,480,,LOW,0,,,480,590
steve jobs kundli,390,,LOW,0,,,480,480
steve jobs natal chart,480,,LOW,0,,,480,590
steve jobs vedic chart,20,,LOW,0,,,40,40
student horoscope 2022,10,,,,,,0,10
student horoscope tomorrow,10,,LOW,0,,,10,20
students horoscope 2023,0,,,,,,0,0
suitable career for libra,10,,,,,,0,10
sukra bhagavan mantra,90,,LOW,0,,,40,140
sukran gayatri mantra,170,,LOW,0,,,170,210
sukran gayatri mantra in english,20,,LOW,0,,,30,30
sukran mantra,10,,LOW,0,,,10,40
sun and rahu conjunction remedies,40,,LOW,0,,,30,50
sun and rahu in same house remedies,10,,LOW,0,,,10,10
sun and saturn conjunction remedies,10,,LOW,0,,,10,10
sun career astrology,10,,LOW,0,,,20,30
sun in 10th house lal kitab,30,,LOW,0,,,30,40
sun in 12th house lal kitab,20,,LOW,0,,,20,30
sun in 6th house lal kitab,20,,LOW,0,,,20,30
sun in gemini career,10,,LOW,0,,,10,10
sun in libra career,10,,,,,,0,10
sun in scorpio career,10,,LOW,0,,,10,20
sun in virgo career,10,,LOW,0,,,10,10
sun mahadasha ketu antardasha remedies,10,,LOW,4,,,10,10
sun mahadasha saturn antardasha remedies,20,,LOW,0,,,10,30
sun mars mercury conjunction remedies,20,,LOW,0,,,10,40
sun rahu conjunction remedies,30,,LOW,0,,,30,50
sun related jobs in astrology,30,,LOW,0,,,30,40
sun remedies lal kitab,70,,LOW,2,0.01,,50,90
sun remedies vedic astrology,10,,LOW,0,,,30,30
sun saturn conjunction remedies,40,,LOW,0,,,30,50
surya budh yantra,480,,HIGH,100,0.09,,390,720
surya grah in kundli,10,,LOW,0,,,10,10
surya graha beej mantra,40,,LOW,0,,,50,50
surya graha mantra,140,,LOW,0,,,210,210
surya graha remedies,20,,LOW,0,,,20,30
surya navagraha mantra,140,,LOW,0,,,90,260
surya rahu grahan dosh nivaran mantra,10,,,,,,0,10
t junction house remedies,20,,LOW,0,,,10,40
t junction house vastu remedies,20,,LOW,1,,,20,30
t point vastu remedies,10,,LOW,0,,,10,10
tamil jathagam for job,10,,LOW,13,0,,10,10
tantric remedies for rahu,10,,LOW,0,,,10,20
taurus 2022 career horoscope,0,,,,,,0,0
taurus 2022 health horoscope,0,,,,,,0,0
taurus 2022 horoscope career,0,,,,,,0,0
taurus 2022 horoscope health,0,,,,,,0,0
taurus 2023 career horoscope,0,,,,,,0,0
taurus 2023 horoscope career,0,,,,,,0,0
taurus 2023 horoscope for students,0,,,,,,0,0
taurus 2024 career horoscope,10,,,,,,0,10
taurus and spirituality,10,,LOW,0,,,10,30
taurus april 2022 career horoscope,,,,,,,,
taurus april 2022 horoscope career,0,,,,,,0,0
taurus april career horoscope,10,,,,,,0,20
taurus april career horoscope 2022,0,,,,,,0,0
taurus august 2022 career horoscope,0,,,,,,0,0
taurus august 2022 horoscope career,0,,,,,,0,0
taurus august career horoscope,10,,LOW,1,,,20,20
taurus august career horoscope 2022,0,,,,,,0,0
taurus business horoscope 2022,10,,,,,,0,10
taurus career 2022 horoscope,0,,,,,,0,0
taurus career 2023 horoscope,0,,,,,,0,0
taurus career daily,10,,LOW,0,,,10,30
taurus career december 2022,0,,,,,,0,0
taurus career horoscope 2021,10,,,,,,0,10
taurus career horoscope 2023,10,,,,,,0,10
taurus career horoscope april 2022,0,,,,,,0,0
taurus career horoscope august 2022,0,,,,,,0,0
taurus career horoscope december 2022,10,,,,,,0,10
taurus career horoscope february 2022,0,,,,,,0,0
taurus career horoscope february 2023,10,,,,,,0,10
taurus career horoscope for this week,320,,LOW,0,,,320,480
taurus career horoscope for tomorrow,880,,LOW,0,,,880,880
taurus career horoscope january 2022,0,,,,,,0,0
taurus career horoscope january 2023,10,,,,,,0,10
taurus career horoscope july 2022,0,,,,,,0,0
taurus career horoscope june 2022,0,,,,,,0,0
taurus career horoscope march 2022,0,,,,,,0,0
taurus career horoscope may 2022,10,,,,,,0,10
taurus career horoscope monthly,30,,LOW,1,,,20,70
taurus career horoscope next month,20,,LOW,0,,,10,50
taurus career horoscope november,10,,,,,,0,20
taurus career horoscope november 2022,10,,,,,,0,10
taurus career horoscope october 2022,10,,,,,,0,10
taurus career horoscope september 2022,10,,,,,,0,10
taurus career in 2023,0,,,,,,0,0
taurus career january 2023,0,,,,,,0,0
taurus career next week,30,,LOW,0,,,30,40
taurus career november 2022,0,,,,,,0,0
taurus career october 2022,0,,,,,,0,0
taurus career this month,10,,LOW,0,,,10,10
taurus career this week,40,,LOW,0,,,40,70
taurus daily career horoscope 2021,,,,,,,,
taurus december 2022 career horoscope,0,,,,,,0,0
taurus december career horoscope,10,,,,,,0,20
taurus february 2022 career horoscope,,,,,,,,
taurus february career horoscope,10,,,,,,0,20
taurus foreign travel horoscope 2022,10,,,,,,0,10
taurus foreign travel horoscope 2023,10,,,,,,0,10
taurus horoscope 2022 career predictions,10,,,,,,0,10
taurus horoscope 2023 career,10,,,,,,0,10
taurus horoscope 2023 for students,10,,,,,,0,10
taurus horoscope career 2023,10,,,,,,0,10
taurus horoscope career this week,50,,LOW,3,2.27,,90,90
taurus horoscope job,10,,LOW,1,,,10,10
taurus horoscope next week career,260,,LOW,0,,,260,390
taurus horoscope tomorrow for students,90,,LOW,0,,,40,140
taurus horoscope work,320,,LOW,1,,,320,480
taurus january 2023 career horoscope,0,,,,,,0,0
taurus january career horoscope,10,,,,,,0,10
taurus job horoscope 2022,0,,,,,,0,0
taurus job horoscope 2023,0,,,,,,0,0
taurus job horoscope today,40,,LOW,0,,,40,50
taurus july 2022 career horoscope,0,,,,,,0,0
taurus july 2022 horoscope career,0,,,,,,0,0
taurus july career horoscope,10,,,,,,0,20
taurus july career horoscope 2022,0,,,,,,0,0
taurus june 2022 career horoscope,0,,,,,,0,0
taurus march 2022 career horoscope,0,,,,,,0,0
taurus march 2022 horoscope career,,,,,,,,
taurus march career horoscope,10,,,,,,0,30
taurus march career horoscope 2022,0,,,,,,0,0
taurus may 2022 career horoscope,0,,,,,,0,0
taurus may career horoscope,10,,,,,,0,10
taurus monthly career horoscope 2022,0,,,,,,0,0
taurus moon sign career horoscope 2022,10,,,,,,0,10
taurus november 2022 career horoscope,10,,,,,,0,10
taurus november 2022 horoscope career,0,,,,,,0,0
taurus november career horoscope,10,,,,,,0,20
taurus october 2022 career horoscope,0,,,,,,0,0
taurus october 2022 horoscope career,0,,,,,,0,0
taurus october career horoscope,10,,LOW,0,,,10,10
taurus rising career,10,,,,,,0,10
taurus september 2022 career horoscope,0,,,,,,0,0
taurus september career horoscope,10,,LOW,0,,,10,20
taurus spiritual gifts,10,,LOW,0,,,10,10
taurus spiritual horoscope,10,,LOW,0,,,10,10
taurus spirituality,10,,LOW,0,,,10,30
taurus student horoscope 2023,10,,,,,,0,10
taurus student horoscope tomorrow,30,,LOW,0,,,30,50
taurus study horoscope 2022,0,,,,,,0,0
taurus this month career horoscope,30,,LOW,1,,,20,70
taurus weekly career horoscope 2021,0,,,,,,0,0
taurus weekly career horoscope 2022,0,,,,,,0,0
taurus weekly horoscope career,320,,LOW,0,,,320,480
taurus woman spirituality,10,,,,,,0,10
taurus work horoscope 2022,0,,,,,,0,0
taurus work horoscope today,880,,LOW,0,1.84,,1300,1300
taurus zodiac sign career,10,,LOW,0,,,10,20
teaching profession in astrology,10,,LOW,0,,,10,30
telugu jathakam for career,10,,LOW,8,0.02,,10,10
telugu jathakam for government job,10,,LOW,25,0.01,,10,10
telugu jathakam for job,30,,LOW,11,0.01,,30,40
telugu jathakam for job by date of birth,10,,LOW,11,0.01,,10,20
the best sign of the zodiac,210,,LOW,0,,,170,260
this week aquarius career horoscope,10,,LOW,0,,,10,10
this week capricorn career horoscope,10,,LOW,0,,,10,10
this week career horoscope,10,,LOW,0,,,10,20
this week libra career horoscope,10,,LOW,0,,,10,10
tiger career horoscope 2022,0,,,,,,0,0
tiger horoscope 2022 career,0,,,,,,0,0
today aquarius career horoscope,30,,LOW,1,,,10,70
today gemini career horoscope,40,,LOW,0,,,30,70
today horoscope cancer career,20,,LOW,0,,,10,30
today horoscope capricorn career,880,,LOW,0,,,880,1300
today horoscope career,40,,LOW,1,,,30,70
today horoscope for libra students,90,,LOW,0,,,40,110
today sagittarius career horoscope,50,,LOW,0,,,40,70
todays career horoscope,880,,LOW,1,0.25,,880,1000
toilet in brahmasthan remedy,20,,LOW,27,0.33,,10,30
toilet in north east corner,40,,LOW,0,,,20,50
toilet in north east corner vastu,10,,LOW,0,,,10,20
toilet in north east direction,140,,LOW,2,0.01,,90,170
toilet in north remedies,10,,,,,,0,10
toilet in north vastu,70,,LOW,0,,,30,70
toilet in north vastu remedy,40,,LOW,8,0.13,,90,90
toilet in south direction remedy,10,,LOW,0,,,10,10
toilet in south east corner remedy,140,,LOW,3,0.33,,110,170
toilet in south east remedies,10,,LOW,0,,,10,20
toilet in south east vastu remedies,10,,LOW,0,,,10,30
toilet in south vastu,210,,LOW,0,,,140,260
toilet in south vastu remedy,10,,,,,,0,10
toilet in south west corner vastu remedy,10,,LOW,0,,,10,10
toilet north east vastu remedies,10,,LOW,17,,,10,20
toilet vastu dosh,20,,LOW,0,,,10,40
toilet vastu for east facing house,1000,,LOW,0,,,1000,1300
toilet vastu remedies,50,,LOW,26,,,40,50
tomorrow aquarius career horoscope,480,,LOW,0,,,590,720
tomorrow aquarius horoscope for students,50,,LOW,0,,,20,90
tomorrow cancer career horoscope,1000,,LOW,0,,,1300,1300
tomorrow capricorn career horoscope,590,,LOW,0,0.49,,480,720
tomorrow career horoscope pisces,50,,LOW,0,,,10,110
tomorrow gemini career horoscope,10,,LOW,0,,,10,20
tomorrow horoscope aquarius students,70,,LOW,0,,,40,140
tomorrow horoscope for capricorn students,30,,LOW,0,,,10,40
tomorrow horoscope for taurus students,40,,LOW,0,,,20,50
tomorrow leo career horoscope,20,,LOW,0,,,10,40
tomorrow libra career horoscope,880,,LOW,0,,,1000,1300
tomorrow pisces career horoscope,880,,LOW,0,,,590,1300
tomorrow sagittarius career horoscope,30,,LOW,0,,,10,50
tomorrow student horoscope,10,,LOW,0,,,10,10
tomorrow taurus career horoscope,40,,LOW,0,,,30,70
tomorrow virgo career horoscope,20,,LOW,0,,,20,30
top 10 career for sagittarius,10,,LOW,1,,,20,30
top 10 careers for capricorn,10,,LOW,0,,,10,10
top 5 careers for sagittarius,10,,LOW,0,,,10,10
top career astrologer,10,,LOW,4,,,10,10
travel astrology by date of birth,10,,,,,,0,10
triangular plot vastu remedies,50,,LOW,2,,,40,90
trinity vastu remedies,10,,LOW,0,,,10,10
tula rashi 2022 govt job,10,,,,,,0,10
tula rashi career,90,,LOW,0,,,110,110
tula rashi government job,10,,LOW,0,,,10,20
tula rashi job,30,,LOW,0,,,20,40
tula rashi job career 2023,10,,,,,,0,10
uncrushed sea salt for vastu,10,,LOW,0,,,10,30
underground water tank vastu direction,170,,LOW,0,,,70,260
uranus mantra,20,,LOW,0,,,20,40
use of sea salt in vastu,10,,LOW,0,,,10,10
vaastu dosha remedies,590,,LOW,27,0.14,,390,1000
vaidhriti yoga remedies,40,,LOW,1,,,20,50
varahi career astrology,50,,LOW,0,,,10,320
vastu and feng shui remedies,40,,LOW,0,,,40,140
vastu brahmasthan home,20,,LOW,0,0.01,,40,50
vastu correction for kitchen,10,,LOW,0,,,10,10
vastu correction for south east bedroom,10,,LOW,5,,,10,10
vastu correction for south facing house,880,,LOW,1,0.12,,1600,1600
vastu correction for south facing main door,10,,LOW,5,0.05,,10,10
vastu correction for south west entrance,10,,MEDIUM,33,0.92,,10,10
vastu correction for west facing house,320,,LOW,3,0.03,,210,1000
vastu crystal remedies,20,,LOW,31,,,10,20
vastu defects and remedies,10,,LOW,3,,,10,30
vastu dosh and remedies,590,,LOW,27,0.14,,390,1000
vastu dosh nivaran for south facing house,10,,LOW,0,,,10,10
vastu dosh nivaran for stairs,0,,,,,,0,0
vastu dosh nivaran for toilet,10,,LOW,0,,,10,10
vastu dosh nivaran remedies,10,,LOW,10,,,10,10
vastu dosh remedies for home in hindi,10,,LOW,4,,,10,20
vastu dosh remedies for north east toilet,10,,LOW,0,,,10,10
vastu dosh remedies for north east toilet in hindi,10,,LOW,0,,,10,10
vastu dosh remedies for office,10,,,,,,0,10
vastu dosh remedies for south east toilet,10,,,,,,0,10
vastu dosh remedies for south facing house,10,,,,,,0,10
vastu dosh remedies for south west toilet,10,,MEDIUM,62,0.05,,10,10
vastu dosh remedies for west facing house,10,,LOW,0,,,10,10
vastu dosh upay,70,,LOW,7,,,70,90
vastu dosha nivarana,40,,LOW,17,0.01,,30,70
vastu dosha pariharam,10,,LOW,0,,,10,10
vastu for kitchen in north east,1600,,LOW,1,0.29,,1600,1900
vastu kitchen in north west,1900,,LOW,1,,,1900,2400
vastu north east toilet,720,,LOW,3,,,590,1000
vastu pariharam,20,,LOW,0,,,10,30
vastu problems and solutions,20,,LOW,10,,,20,30
vastu purush,6600,,LOW,5,0.01,,6600,8100
vastu pyramid for north east kitchen,90,,HIGH,94,0.03,,40,140
vastu pyramid for north east toilet,210,,HIGH,93,0.08,,140,260
vastu pyramid for south east toilet,170,,HIGH,96,0.05,,70,260
vastu pyramid for south west toilet,880,,HIGH,93,0.05,,210,1600
vastu pyramid for toilet,1000,,HIGH,86,0.04,,480,1900
vastu remedies for bad neighbours,20,,LOW,1,,,10,50
vastu remedies for bedroom,110,,LOW,1,,,30,260
vastu remedies for business growth,70,,LOW,2,,,70,90
vastu remedies for couple quarrel,10,,LOW,0,,,10,10
vastu remedies for court cases,30,,LOW,0,,,30,50
vastu remedies for debts,10,,LOW,0,,,10,20
vastu remedies for depression,20,,LOW,0,,,30,30
vastu remedies for early marriage,10,,,,,,0,10
vastu remedies for east facing house,170,,LOW,1,,,70,390
vastu remedies for entrance door,40,,LOW,5,,,30,90
vastu remedies for financial problems,10,,LOW,0,,,10,20
vastu remedies for flat,50,,LOW,7,0.35,,110,110
vastu remedies for good health,20,,LOW,7,,,10,40
vastu remedies for happy married life,10,,LOW,0,,,10,10
vastu remedies for health problems,110,,LOW,2,,,170,170
vastu remedies for home,480,,LOW,18,0.13,,720,1300
vastu remedies for house,480,,LOW,18,0.13,,720,1300
vastu remedies for husband wife relationship,20,,LOW,0,,,10,30
vastu remedies for irregular plot,10,,LOW,0,,,10,20
vastu remedies for kitchen in north direction,110,,LOW,0,,,70,260
vastu remedies for kitchen in north east direction,110,,LOW,1,,,70,260
vastu remedies for kitchen in north west direction,20,,LOW,0,,,20,50
vastu remedies for kitchen in south west direction,30,,LOW,1,,,50,70
vastu remedies for kitchen in west,30,,LOW,2,,,10,50
vastu remedies for marriage,20,,LOW,0,,,10,50
vastu remedies for money,40,,LOW,12,,,40,90
vastu remedies for negative energy,90,,LOW,16,0.13,,170,210
vastu remedies for north east bedroom,70,,LOW,5,0.1,,70,110
vastu remedies for north east garage,10,,LOW,2,,,10,10
vastu remedies for north east staircase,170,,LOW,0,,,170,210
vastu remedies for north east toilet hindi,10,,LOW,0,,,10,20
vastu remedies for north west bedroom,10,,LOW,0,,,10,20
vastu remedies for north west facing house,110,,LOW,1,,,70,260
vastu remedies for north west toilet,10,,MEDIUM,37,,,10,20
vastu remedies for office desk,30,,MEDIUM,36,,,10,70
vastu remedies for overhead tank,10,,LOW,0,,,10,10
vastu remedies for overhead water tank in south east,10,,LOW,0,,,10,10
vastu remedies for peace at home,30,,LOW,25,,,30,50
vastu remedies for pooja room,210,,LOW,5,,,50,480
vastu remedies for promotion,10,,LOW,0,,,10,10
vastu remedies for prosperity,10,,MEDIUM,56,,,10,30
vastu remedies for quarrels,10,,LOW,0,,,10,20
vastu remedies for rented house,20,,LOW,1,,,20,50
vastu remedies for selling house,20,,LOW,1,,,20,30
vastu remedies for septic tank in north east,10,,LOW,0,,,10,10
vastu remedies for shop,20,,LOW,23,,,20,40
vastu remedies for south balcony,40,,LOW,1,,,20,50
vastu remedies for south east bedroom,70,,LOW,6,,,50,110
vastu remedies for south east corner cut,20,,LOW,0,,,10,50
vastu remedies for south east entrance flat,10,,HIGH,80,0.09,,10,30
vastu remedies for south east extension,20,,LOW,0,,,20,40
vastu remedies for south east facing house,320,,LOW,2,,,260,590
vastu remedies for south east facing main door,90,,LOW,9,,,40,170
vastu remedies for south east pooja room,10,,LOW,0,,,10,10
vastu remedies for south east swimming pool,10,,,,,,0,10
vastu remedies for south east toilet in hindi,10,,,,,,0,10
vastu remedies for south east well,10,,LOW,0,,,10,10
vastu remedies for south facing balcony,50,,LOW,1,,,10,110
vastu remedies for south facing entrance,210,,LOW,3,,,170,480
vastu remedies for south facing house in hindi,10,,LOW,0,,,10,10
vastu remedies for south facing kitchen platform,10,,LOW,2,0.01,,10,10
vastu remedies for south facing office,20,,LOW,0,,,10,50
vastu remedies for south facing shop,40,,LOW,0,,,10,110
vastu remedies for south slope,10,,,,,,0,10
vastu remedies for south west bathroom,70,,LOW,8,,,90,110
vastu remedies for south west corner cut,10,,LOW,0,,,10,20
vastu remedies for south west corner toilet,10,,LOW,0,,,10,10
vastu remedies for south west entrance flat,110,,LOW,27,0.17,,50,260
vastu remedies for south west extension,30,,LOW,14,0.05,,30,50
vastu remedies for south west facing entrance,40,,LOW,0,,,10,70
vastu remedies for south west facing flat,30,,LOW,0,,,10,50
vastu remedies for south west facing kitchen,10,,LOW,0,,,10,10
vastu remedies for south west swimming pool,10,,,,,,0,10
vastu remedies for southwest entrance,320,,LOW,4,0.06,,210,480
vastu remedies for staircase in brahmasthan,10,,LOW,0,,,10,10
vastu remedies for stomach problems,10,,LOW,0,,,10,20
vastu remedies for t point house,140,,LOW,3,0.41,,260,260
vastu remedies for toilet,720,,LOW,19,,,90,1600
vastu remedies for toilet in east direction,40,,LOW,0,,,10,70
vastu remedies for toilet in north direction,170,,LOW,1,0.01,,210,260
vastu remedies for toilet in north direction in hindi,10,,LOW,0,,,10,10
vastu remedies for toilet in north east direction,40,,LOW,6,,,30,70
vastu remedies for toilet in north west direction,20,,LOW,0,,,10,40
vastu remedies for toilet in south direction,50,,LOW,1,,,20,110
vastu remedies for toilet in south direction in hindi,10,,,,,,0,10
vastu remedies for toilet in south east direction,50,,LOW,3,,,10,110
vastu remedies for toilet in south west direction,20,,LOW,3,,,20,40
vastu remedies for toilet in west direction,10,,LOW,14,,,10,20
vastu remedies for tree in front of house,10,,,,,,0,10
vastu remedies for triangular plots,70,,LOW,0,,,40,170
vastu remedies for underground water tank,40,,LOW,0,,,30,90
vastu remedies for underground water tank in south east,10,,LOW,0,,,10,10
vastu remedies for veedhi potu,30,,LOW,0,,,90,140
vastu remedies for west balcony,10,,LOW,0,,,10,20
vastu remedies for west facing house,320,,LOW,3,0.03,,210,1000
vastu remedies for west facing kitchen,70,,LOW,0,,,30,170
vastu remedies for wrong kitchen,10,,LOW,0,,,10,10
vastu remedies for wrong toilet,10,,LOW,1,,,10,20
vastu remedies in hindi,10,,LOW,4,,,10,30
vastu remedies in telugu,10,,LOW,0,,,10,20
vastu remedies north east toilet,10,,LOW,0,,,10,10
vastu remedies online,10,,HIGH,90,0.39,,10,10
vastu remedies products,90,,HIGH,100,0.13,,110,110
vastu remedy for anti clockwise staircase,30,,LOW,20,0.11,,30,50
vastu remedy for bad dreams,10,,LOW,0,,,10,10
vastu remedy for beam in brahmasthan,10,,,,,,0,10
vastu remedy for l shaped house,10,,,,,,0,10
vastu remedy for mirror on south wall,70,,LOW,6,0.32,,40,140
vastu remedy for mirror on west wall,40,,LOW,15,0.13,,30,70
vastu remedy for moon,10,,,,,,0,10
vastu remedy for north east septic tank,10,,LOW,3,,,10,10
vastu remedy for north west extension,10,,MEDIUM,59,,,10,20
vastu remedy for shermukhi plot,10,,LOW,0,,,10,30
vastu remedy for south east water tank,10,,LOW,7,0.04,,10,10
vastu remedy for south facing windows,10,,,,,,0,10
vastu remedy for southwest main door,70,,LOW,1,,,50,140
vastu remedy for staircase in east,10,,LOW,0,,,10,10
vastu remedy for staircase in north,10,,LOW,0,,,10,10
vastu remedy for staircase in north west,10,,,,,,0,10
vastu remedy for stairs in front of main door,30,,LOW,1,,,20,50
vastu remedy for swimming pool in south,10,,,,,,0,10
vastu remedy for swimming pool in southeast,10,,,,,,0,10
vastu remedy for swimming pool in southwest,10,,LOW,0,,,10,10
vastu remedy for swimming pool in west,10,,,,,,0,10
vastu remedy to win court case,30,,LOW,5,,,30,70
vastu salt remedies,20,,MEDIUM,62,0.25,,20,40
vastu shastra brahmasthan,20,,LOW,0,,,10,40
vastu shastra lal kitab,10,,MEDIUM,51,,,10,10
vastu slope remedies,10,,,,,,0,10
vastu solution,1300,,LOW,1,,,720,2900
vastu solution for marriage,0,,,,,,0,0
vastu solution for north east kitchen,720,,LOW,3,0.16,,590,880
vastu solution for north east toilet,720,,LOW,11,0.13,,880,880
vastu solution for south facing house,880,,LOW,1,0.12,,1600,1600
vastu solution for south west entrance,1000,,LOW,20,0.08,,480,1600
vastu tape remedies,50,,HIGH,88,0.03,,40,110
vastu tips and remedies,10,,LOW,0,,,10,10
vastu tips for south east bedroom,10,,LOW,0,,,10,10
vastu tips for south west facing house in hindi,10,,LOW,0,,,10,10
vastu toilet in south east,590,,LOW,0,0.01,,390,720
vastu upay for home,10,,LOW,0,,,10,10
vedic astrology career analysis,90,,LOW,2,0.3,,260,260
vedic astrology career reading,50,,LOW,2,,,210,320
vedic astrology foreign settlement,20,,LOW,0,,,50,70
vedic astrology job prediction,10,,LOW,1,,,50,50
vedic astrology remedies pdf,20,,LOW,0,,,30,50
vedic career,10,,LOW,4,,,10,30
vedic mantra of moon,10,,LOW,0,,,10,10
vedic mantra of rahu,10,,LOW,0,,,10,30
vedic remedies,70,,LOW,5,0.01,,90,90
vedic remedies for marriage,10,,LOW,4,,,10,10
vedic remedies in astrology by pt sanjay rath pdf,10,,LOW,0,,,10,20
vedic remedies in astrology by sanjay rath,170,,LOW,8,0.01,,170,480
vedic remedies in astrology by sanjay rath ebook,10,,,,,,0,10
vedic remedies in astrology by sanjay rath pdf,90,,LOW,0,0.01,,90,260
vedic remedies in astrology by sanjay rath pdf free,10,,LOW,0,,,10,20
vedic remedies in astrology pdf,70,,LOW,3,0.06,,50,140
vedic remedies in astrology sanjay rath pdf,40,,LOW,0,,,40,140
vedic remedy for weight loss,10,,,,,,0,10
vedic rishi lal kitab,50,,LOW,12,0.02,,40,70
vedic shani mantra,260,,LOW,0,,,260,390
veedhi potu remedies,30,,LOW,0,,,10,50
venus 8th house lal kitab,20,,LOW,0,,,20,30
venus atmakaraka remedies,20,,LOW,0,,,10,20
venus beej mantra,880,,LOW,0,,,720,1000
venus dasha saturn antardasha remedies,10,,,,,,0,10
venus debilitated in virgo remedies,10,,LOW,0,,,10,10
venus in 11th house lal kitab,30,,LOW,0,,,20,50
venus in 12th house lal kitab,30,,LOW,0,,,20,50
venus in 12th house remedies,30,,LOW,1,,,20,40
venus in 1st house lal kitab,20,,LOW,0,,,10,30
venus in 2nd house lal kitab,20,,LOW,2,,,10,30
venus in 3rd house remedies,20,,LOW,0,,,20,30
venus in 4th house lal kitab,30,,LOW,0,,,20,50
venus in 5th house lal kitab,20,,LOW,0,,,10,40
venus in 5th house remedies,20,,LOW,0,,,10,30
venus in 6th house lal kitab,30,,LOW,0,,,20,40
venus in 7th house lal kitab,20,,LOW,0,,,10,40
venus in 8th house lal kitab,40,,LOW,0,,,40,70
venus in 9th house lal kitab,20,,LOW,1,,,20,30
venus in 9th house remedies,20,,LOW,0,,,20,30
venus in lal kitab,10,,LOW,4,,,10,20
venus in virgo remedies,20,,LOW,1,,,30,30
venus ketu conjunction lal kitab,20,,LOW,0,,,10,40
venus mahadasha ketu antardasha remedies,20,,LOW,0,,,10,30
venus mahadasha moon antardasha remedies,10,,LOW,0,,,10,20
venus mantra for beauty,20,,LOW,0,,,30,30
venus mantra for marriage,30,,LOW,0,,,10,40
venus mars conjunction remedies,20,,LOW,0,,,10,30
venus planet remedies,260,,LOW,2,0.79,,260,320
venus rahu conjunction remedies,20,,LOW,0,,,10,30
venus remedies for love marriage,10,,,,,,0,10
venus remedies lal kitab,50,,LOW,0,,,50,70
venus remedies vedic astrology,70,,LOW,0,,,70,140
venus shukra remedies,10,,LOW,0,,,10,10
virgo 2021 career horoscope,0,,,,,,0,0
virgo 2022 business horoscope,0,,,,,,0,0
virgo 2022 career,0,,,,,,0,0
virgo 2022 career horoscope,0,,,,,,0,0
virgo 2022 career predictions,0,,,,,,0,0
virgo 2022 horoscope career,10,,,,,,0,10
virgo 2022 job horoscope,0,,,,,,0,0
virgo 2023 career,10,,,,,,0,10
virgo 2023 career horoscope,0,,,,,,0,0
virgo 2023 horoscope career,10,,,,,,0,10
virgo and career,170,,LOW,0,,,110,210
virgo and spirituality,30,,LOW,0,,,20,140
virgo april 2022 career,,,,,,,,
virgo april 2022 career horoscope,0,,,,,,0,0
virgo april 2022 horoscope career,0,,,,,,0,0
virgo april career horoscope,10,,,,,,0,30
virgo april career horoscope 2022,0,,,,,,0,0
virgo august 2022 career,0,,,,,,0,0
virgo august 2022 career horoscope,0,,,,,,0,0
virgo august 2022 horoscope career,0,,,,,,0,0
virgo august career horoscope 2022,0,,,,,,0,0
virgo business 2022,0,,,,,,0,0
virgo business horoscope,10,,LOW,0,,,10,10
virgo business horoscope 2022,10,,,,,,0,10
virgo business horoscope today,10,,LOW,0,,,10,10
virgo career 2022,0,,,,,,0,0
virgo career 2022 horoscope,0,,,,,,0,0
virgo career 2023,0,,,,,,0,0
virgo career 2023 horoscope,0,,,,,,0,0
virgo career and money,10,,LOW,0,,,10,10
virgo career april,10,,,,,,0,10
virgo career april 2022,10,,,,,,0,10
virgo career august,10,,LOW,0,,,10,10
virgo career august 2022,0,,,,,,0,0
virgo career daily,40,,LOW,0,,,10,110
virgo career december 2022,0,,,,,,0,0
virgo career feb 2022,0,,,,,,0,0
virgo career february 2022,0,,,,,,0,0
virgo career february 2023,0,,,,,,0,0
virgo career horoscope 2021,10,,,,,,0,10
virgo career horoscope 2022,10,,,,,,0,10
virgo career horoscope 2022 august,0,,,,,,0,0
virgo career horoscope 2022 ganeshaspeaks,10,,,,,,0,10
virgo career horoscope 2022 september,0,,,,,,0,0
virgo career horoscope 2023,10,,,,,,0,10
virgo career horoscope 2024,10,,,,,,0,10
virgo career horoscope 2025,70,,,,,,0,320
virgo career horoscope april 2022,0,,,,,,0,0
virgo career horoscope august 2022,0,,,,,,0,0
virgo career horoscope december 2022,10,,,,,,0,10
virgo career horoscope feb 2022,0,,,,,,0,0
virgo career horoscope february 2022,0,,,,,,0,0
virgo career horoscope for tomorrow,1000,,LOW,0,,,880,1300
virgo career horoscope january 2022,0,,,,,,0,0
virgo career horoscope january 2023,0,,,,,,0,0
virgo career horoscope july 2022,0,,,,,,0,0
virgo career horoscope june 2022,0,,,,,,0,0
virgo career horoscope march 2022,0,,,,,,0,0
virgo career horoscope may 2022,0,,,,,,0,0
virgo career horoscope monthly,70,,LOW,0,0.94,,70,90
virgo career horoscope next week,140,,LOW,0,,,110,210
virgo career horoscope november 2022,0,,,,,,0,0
virgo career horoscope october 2022,10,,,,,,0,10
virgo career horoscope september 2022,10,,,,,,0,10
virgo career horoscope this month,70,,LOW,0,0.94,,70,90
virgo career horoscope today ganesha,70,,LOW,0,,,50,90
virgo career horoscope tomorrow,1000,,LOW,0,,,880,1300
virgo career horoscope tomorrow ganesha,90,,LOW,0,,,70,140
virgo career in 2022,0,,,,,,0,0
virgo career in 2023,0,,,,,,0,0
virgo career january 2022,0,,,,,,0,0
virgo career january 2023,0,,,,,,0,0
virgo career july,10,,,,,,0,10
virgo career july 2022,0,,,,,,0,0
virgo career july 2022 horoscope,0,,,,,,0,0
virgo career june,10,,,,,,0,10
virgo career june 2022,0,,,,,,0,0
virgo career march 2022,0,,,,,,0,0
virgo career march 2022 horoscope,,,,,,,,
virgo career may,10,,,,,,0,10
virgo career may 2022,10,,,,,,0,10
virgo career monthly,10,,,,,,0,10
virgo career next week,70,,LOW,0,,,90,110
virgo career november 2022,0,,,,,,0,0
virgo career october,10,,,,,,0,20
virgo career october 2022,0,,,,,,0,0
virgo career reading today,0,,,,,,0,0
virgo career september 2022,0,,,,,,0,0
virgo career this month,10,,LOW,2,,,10,10
virgo career this week,50,,LOW,1,,,40,70
virgo career today,70,,LOW,1,,,70,110
virgo career tomorrow,70,,LOW,0,,,70,140
virgo career weekly,20,,LOW,0,,,20,70
virgo daily career horoscope 2021,0,,,,,,0,0
virgo daily career horoscope 2022,0,,,,,,0,0
virgo daily career horoscope today,1300,,LOW,0,0.28,,1300,1600
virgo daily work horoscope,20,,LOW,0,,,20,30
virgo december 2022 career horoscope,0,,,,,,0,0
virgo december career horoscope,10,,,,,,0,20
virgo february 2022 career,0,,,,,,0,0
virgo february 2022 career horoscope,0,,,,,,0,0
virgo february career horoscope,10,,,,,,0,10
virgo foreign travel 2022,0,,,,,,0,0
virgo future career,10,,LOW,0,,,10,30
virgo future job,10,,LOW,0,,,10,10
virgo horoscope 2022 career,0,,,,,,0,0
virgo horoscope 2023 career,10,,,,,,0,10
virgo horoscope august 2022 career,0,,,,,,0,0
virgo horoscope career 2023,0,,,,,,0,0
virgo horoscope career this week,10,,LOW,0,,,10,20
virgo horoscope job,10,,LOW,0,,,10,10
virgo horoscope july 2022 career,0,,,,,,0,0
virgo horoscope june 2022 career,,,,,,,,
virgo horoscope next week career,110,,LOW,0,0.14,,110,140
virgo horoscope september 2022 career,0,,,,,,0,0
virgo horoscope this month career,10,,LOW,1,,,10,20
virgo horoscope this week career,70,,LOW,0,,,70,90
virgo in 2022 career,0,,,,,,0,0
virgo january 2023 career horoscope,10,,,,,,0,10
virgo january career horoscope,10,,,,,,0,10
virgo job career,10,,LOW,0,,,10,20
virgo job horoscope 2022,0,,,,,,0,0
virgo job horoscope 2023,0,,,,,,0,0
virgo job horoscope today,10,,LOW,0,,,10,30
virgo jobs 2022,0,,,,,,0,0
virgo jobs astrology,10,,LOW,0,,,10,10
virgo july 2022 career,0,,,,,,0,0
virgo july 2022 career horoscope,0,,,,,,0,0
virgo july 2022 horoscope career,0,,,,,,0,0
virgo july career horoscope 2022,0,,,,,,0,0
virgo june 2022 career,,,,,,,,
virgo june 2022 career horoscope,0,,,,,,0,0
virgo june 2022 horoscope career,,,,,,,,
virgo june career 2022,,,,,,,,
virgo june career horoscope 2022,0,,,,,,0,0
virgo man career,10,,LOW,0,,,10,10
virgo march 2022 career horoscope,,,,,,,,
virgo march 2022 horoscope career,,,,,,,,
virgo march career horoscope,10,,,,,,0,20
virgo march career horoscope 2022,,,,,,,,
virgo may 2022 career,0,,,,,,0,0
virgo may 2022 career horoscope,,,,,,,,
virgo may career horoscope,10,,,,,,0,20
virgo may career horoscope 2022,0,,,,,,0,0
virgo monthly career horoscope 2021,,,,,,,,
virgo monthly career horoscope 2022,0,,,,,,0,0
virgo new job opportunities 2022,10,,,,,,0,10
virgo november 2022 career horoscope,0,,,,,,0,0
virgo november 2022 horoscope career,10,,,,,,0,10
virgo november career horoscope,10,,,,,,0,20
virgo november career horoscope 2022,0,,,,,,0,0
virgo october 2022 career horoscope,10,,,,,,0,10
virgo october 2022 horoscope career,0,,,,,,0,0
virgo october career horoscope 2022,0,,,,,,0,0
virgo profession,50,,LOW,0,,,40,70
virgo rising career,10,,LOW,0,,,10,10
virgo september 2022 career,0,,,,,,0,0
virgo september 2022 career horoscope,0,,,,,,0,0
virgo september 2022 horoscope career,10,,,,,,0,10
virgo september career horoscope,10,,LOW,0,,,10,10
virgo spiritual,30,,LOW,0,,,20,140
virgo spiritual awakening,20,,LOW,0,,,30,50
virgo spiritual gifts,10,,,,,,0,10
virgo spiritual horoscope,10,,,,,,0,10
virgo spiritual horoscope today,10,,LOW,0,,,10,10
virgo stress relief,0,,,,,,0,0
virgo student horoscope 2022,10,,,,,,0,10
virgo successful career,10,,,,,,0,10
virgo this month career,10,,,,,,0,10
virgo weekly career,20,,LOW,0,,,20,70
virgo weekly career horoscope 2021,0,,,,,,0,0
virgo weekly career horoscope 2022,0,,,,,,0,0
virgo weekly career horoscope next week,30,,LOW,0,,,20,40
virgo work,170,,LOW,0,,,110,210
virgo work horoscope,260,,LOW,1,,,260,320
virgo work horoscope 2022,0,,,,,,0,0
virgo work horoscope today,1300,,LOW,0,0.28,,1300,1600
vogue career horoscope,40,,LOW,0,,,50,70
vogue career horoscope 2022,0,,,,,,0,0
vogue career horoscope 2023,10,,,,,,0,10
vrish rashi career 2022,0,,,,,,0,0
vrishabha rashi career,70,,LOW,0,,,170,170
wall in front of main door vastu remedy,70,,MEDIUM,40,0.01,,40,110
want to know about my career through astrology,10,,MEDIUM,59,0.25,,30,30
water tank vastu direction,210,,LOW,0,,,210,260
weak jupiter in female chart remedies,170,,LOW,0,,,110,210
weak ketu remedies,20,,LOW,0,,,10,40
weak mars remedies,50,,LOW,0,,,70,70
weak moon remedies lal kitab,10,,LOW,0,,,10,10
weak rahu remedies,50,,LOW,3,,,20,70
weak shani remedies,10,,LOW,0,,,10,20
weak shukra remedies,20,,LOW,1,,,30,30
weekly capricorn career,10,,,,,,0,10
weekly career horoscope for aries,480,,LOW,0,0.67,,480,590
weekly career horoscope for cancer,10,,LOW,0,,,10,10
weekly career horoscope sagittarius next week,10,,,,,,0,10
weekly finance horoscope,10,,LOW,0,,,10,40
weekly horoscope aquarius career,320,,LOW,0,,,320,480
weekly horoscope gemini career,10,,LOW,0,,,10,10
weekly horoscope sagittarius career,170,,LOW,0,,,170,260
weekly sagittarius career horoscope,170,,LOW,0,,,170,260
weekly work horoscope,10,,LOW,0,,,10,10
west balcony vastu remedies,10,,LOW,0,,,10,20
west entrance vastu remedies,40,,MEDIUM,33,,,70,70
west facing balcony vastu remedies,50,,LOW,1,,,30,70
west facing door vastu remedies,10,,LOW,0,,,10,10
west facing kitchen vastu remedies,10,,LOW,0,,,10,30
west facing main door vastu remedies,10,,LOW,0,,,10,20
west facing main door vastu remedies in hindi,10,,LOW,0,,,10,10
west kitchen vastu remedies,30,,LOW,2,,,10,50
west north kitchen vastu,50,,LOW,0,,,40,70
west side balcony vastu remedies,10,,LOW,0,,,10,10
west side kitchen vastu remedies,20,,LOW,1,,,20,30
west slope vastu remedies,10,,LOW,0,,,10,10
west toilet vastu remedies,40,,LOW,14,,,40,70
west vastu dosh,10,,LOW,0,,,10,10
work astrology forecast,10,,HIGH,76,0.22,,10,10
work horoscope 2022,0,,,,,,0,0
work horoscope for taurus,10,,,,,,0,10
work horoscope for today,10,,LOW,0,,,10,10
work horoscope today,20,,LOW,0,,,20,30
work of astrologer,10,,LOW,0,,,10,10
worst careers for aquarius,40,,LOW,0,,,30,70
worst careers for sagittarius,10,,,,,,0,10
worst careers for sagittarius woman,50,,LOW,0,,,30,70
worst careers for virgos,50,,LOW,0,,,30,70
worst jobs for capricorn,30,,LOW,0,,,30,70
worst jobs for virgos,10,,LOW,0,,,10,10
wsw toilet remedy,20,,LOW,1,,,10,30
yahoo career horoscope,10,,,,,,0,10
yahoo horoscope career,10,,,,,,0,10
yantra jupiter,1600,,LOW,22,0.13,,590,9900
year 2022 for capricorn students,0,,,,,,0,0
yearly career horoscope,10,,LOW,0,,,10,10
yearly career horoscope 2022,0,,,,,,0,0
yearly career horoscope 2023,0,,,,,,0,0
your ideal career according to your zodiac sign,10,,,,,,0,10
your job based on your zodiac sign,10,,LOW,0,,,10,10
zinc helix vastu,170,,HIGH,98,0.03,,260,260
zinc pyramid vastu,70,,HIGH,98,0.09,,70,110
zodiac career horoscope,10,,,,,,0,10
zodiac future jobs,10,,,,,,0,10
zodiac jobs,20,,LOW,0,,,10,40
zodiac sign future career,10,,,,,,0,10
zodiac sign future jobs,10,,,,,,0,10
zodiac sign profession,70,,LOW,0,,,70,390
zodiac sign work,10,,LOW,0,,,10,10
zodiac signs and careers,10,,LOW,0,,,10,10
zodiac signs and jobs,70,,LOW,0,,,40,170
zodiac signs as jobs,10,,,,,,0,10
zodiac signs best careers,10,,LOW,0,,,10,10
zodiac signs dream jobs,10,,LOW,0,,,10,10
